step,node_index,x,y,pred_x,pred_y,step_distance,cumulative_distance,prev_x,prev_y
0,0,52.363599,87.186678,47.984985,95.193924,0.0,0.0,,
1,335,40.375646,51.548467,37.415016,83.178513,37.60044,37.60044,52.363599,87.186678
2,307,14.467814,38.005864,26.949385,51.040649,29.233847,66.834287,40.375646,51.548467
3,247,89.690852,42.731732,41.6987,54.019852,75.371343,142.20563,14.467814,38.005864
4,219,113.245306,100.926212,49.693974,57.382042,62.780649,204.986279,89.690852,42.731732
5,128,164.769539,46.621071,104.028412,68.66774,74.8585,279.844779,113.245306,100.926212
6,203,163.355696,26.714826,162.263535,33.670212,19.956391,299.80117,164.769539,46.621071
7,398,177.216706,16.310927,165.671173,26.976711,17.331149,317.13232,163.355696,26.714826
8,151,212.01111,25.966292,184.969894,29.592983,36.109232,353.241551,177.216706,16.310927
9,142,241.311528,37.556658,211.310699,25.773716,31.509539,384.75109,212.01111,25.966292
10,6,245.163353,1.670554,216.13382,20.84684,36.092229,420.843319,241.311528,37.556658
11,55,234.963437,78.376478,222.799286,27.092587,77.381116,498.224435,245.163353,1.670554
12,218,234.977059,93.569017,233.352448,73.134659,15.192545,513.41698,234.963437,78.376478
13,30,189.06187,88.157295,229.890488,92.696594,46.233012,559.649992,234.977059,93.569017
14,149,185.927952,112.719493,201.785461,91.404739,24.761321,584.411313,189.06187,88.157295
15,497,247.524958,136.799596,198.802292,91.721573,66.136544,650.547857,185.927952,112.719493
16,125,253.36195,168.020375,240.780975,133.653351,31.761731,682.309587,247.524958,136.799596
17,184,288.067976,125.114415,249.512497,151.936584,55.185411,737.494999,253.36195,168.020375
18,448,325.051992,135.122628,293.56073,137.544205,38.31425,775.809248,288.067976,125.114415
19,275,338.624628,169.182629,328.924377,147.150955,36.664699,812.473947,325.051992,135.122628
20,254,333.758769,182.440405,343.746918,169.268372,14.122507,826.596454,338.624628,169.182629
21,152,361.532813,152.874674,346.523163,166.760193,40.565132,867.161587,333.758769,182.440405
22,423,387.39922,178.385327,354.886932,159.362915,36.329938,903.491525,361.532813,152.874674
23,278,421.374989,177.202284,392.220734,160.901962,33.99636,937.487884,387.39922,178.385327
24,472,391.089144,126.386696,395.549225,154.257111,59.156203,996.644087,421.374989,177.202284
25,60,389.259267,126.469959,391.751617,122.091431,1.83177,998.475857,391.089144,126.386696
26,106,388.418155,107.465904,390.12439,118.853111,19.022659,1017.498517,389.259267,126.469959
27,1,407.241764,107.700235,399.813293,115.096382,18.825067,1036.323584,388.418155,107.465904
28,43,420.357317,108.620834,409.490295,110.131966,13.147822,1049.471406,407.241764,107.700235
29,456,428.022044,102.936123,418.766968,103.519714,9.542745,1059.014151,420.357317,108.620834
30,7,436.275793,87.6135,422.427826,103.639595,17.404228,1076.41838,428.022044,102.936123
31,355,465.987787,98.543785,428.122925,103.976433,31.658706,1108.077086,436.275793,87.6135
32,490,497.068111,64.926026,443.634003,91.218414,45.783625,1153.860711,465.987787,98.543785
33,454,481.34045,40.279597,479.927429,43.66629,29.237061,1183.097772,497.068111,64.926026
34,341,500.087249,32.969757,494.721558,38.284977,20.121536,1203.219308,481.34045,40.279597
35,299,500.133341,5.240965,484.446716,27.198763,27.72883,1230.948137,500.087249,32.969757
36,420,574.164268,92.267641,493.25177,32.009392,114.255067,1345.203205,500.133341,5.240965
37,8,597.599464,69.876961,577.15863,83.684807,32.412204,1377.615409,574.164268,92.267641
38,199,634.905552,70.608483,601.289978,71.45089,37.313259,1414.928667,597.599464,69.876961
39,173,661.305632,59.62547,641.700256,69.953903,28.593545,1443.522212,634.905552,70.608483
40,124,687.989309,62.635644,671.173584,54.216988,26.852928,1470.375141,661.305632,59.62547
41,324,704.274971,64.114547,684.215698,66.802048,16.352674,1486.727815,687.989309,62.635644
42,179,671.586008,89.403068,690.619202,67.744476,41.328896,1528.05671,704.274971,64.114547
43,256,658.076254,103.932664,674.081055,85.614098,19.839925,1547.896635,671.586008,89.403068
44,92,695.782174,122.316321,661.133911,97.239937,41.948721,1589.845357,658.076254,103.932664
45,292,711.175991,143.711577,695.259094,131.988739,26.357667,1616.203023,695.782174,122.316321
46,343,702.928024,151.706787,701.19397,145.103271,11.487052,1627.690075,711.175991,143.711577
47,378,665.809987,161.272998,702.511658,142.781723,38.33094,1666.021016,702.928024,151.706787
48,26,658.074157,170.126888,674.996521,155.672913,11.757314,1677.77833,665.809987,161.272998
49,367,632.673375,134.872027,661.520874,163.244431,43.45233,1721.23066,658.074157,170.126888
50,466,627.784138,198.808361,650.997681,132.866531,64.123003,1785.353663,632.673375,134.872027
51,401,637.707552,231.740317,643.82074,212.600037,34.394591,1819.748253,627.784138,198.808361
52,36,629.99071,233.373184,638.418091,231.197586,7.887707,1827.63596,637.707552,231.740317
53,400,668.463121,231.302295,639.578491,229.995819,38.528107,1866.164067,629.99071,233.373184
54,208,604.693279,270.45034,637.607483,226.879883,74.827549,1940.991616,668.463121,231.302295
55,110,571.521106,248.413309,597.920776,251.101624,39.824914,1980.816531,604.693279,270.45034
56,13,573.408086,265.321705,576.79895,259.122925,17.013364,1997.829895,571.521106,248.413309
57,134,544.96136,279.29937,564.144226,256.32077,31.695288,2029.525183,573.408086,265.321705
58,248,534.933209,311.458854,559.826721,272.38443,33.686737,2063.21192,544.96136,279.29937
59,3,536.20204,332.197699,539.902527,322.568146,20.777623,2083.989543,534.933209,311.458854
60,285,525.216345,335.247981,534.734436,324.807861,11.401304,2095.390846,536.20204,332.197699
61,245,534.798719,365.127571,535.920288,331.819824,31.378525,2126.769371,525.216345,335.247981
62,29,573.168515,336.106099,534.71344,342.82077,48.109116,2174.878488,534.798719,365.127571
63,165,592.823175,324.864237,570.264038,334.397339,22.642552,2197.52104,573.168515,336.106099
64,344,604.96949,360.698664,581.301941,335.677429,37.837008,2235.358048,592.823175,324.864237
65,488,626.115013,369.106907,606.711426,356.974915,22.755915,2258.113963,604.96949,360.698664
66,438,652.590994,336.773466,620.39856,359.477814,41.790298,2299.904261,626.115013,369.106907
67,67,668.834354,303.805779,657.802734,332.25061,36.752077,2336.656338,652.590994,336.773466
68,272,647.890424,284.216619,654.868164,313.507599,28.677228,2365.333566,668.834354,303.805779
69,54,679.051952,372.109619,647.990906,284.018829,93.253527,2458.587093,647.890424,284.216619
70,330,692.416095,368.188792,674.857361,361.598907,13.927427,2472.51452,679.051952,372.109619
71,338,731.590005,367.780465,685.204102,366.794342,39.176038,2511.690558,692.416095,368.188792
72,50,750.814941,334.830541,736.605774,346.315948,38.148338,2549.838895,731.590005,367.780465
73,96,770.285967,343.033283,760.06311,338.446991,21.128318,2570.967214,750.814941,334.830541
74,206,780.099773,365.520099,765.468811,339.381805,24.53503,2595.502244,770.285967,343.033283
75,104,819.802587,322.234013,767.407166,347.371246,58.736689,2654.238933,780.099773,365.520099
76,121,774.297446,288.710242,770.717407,321.563721,56.520448,2710.759381,819.802587,322.234013
77,201,778.020594,283.299578,778.664246,280.263153,6.567886,2717.327267,774.297446,288.710242
78,85,776.954442,256.851738,776.467285,278.239227,26.46932,2743.796587,778.020594,283.299578
79,487,765.919802,254.447176,775.531616,259.705963,11.293591,2755.090178,776.954442,256.851738
80,198,745.576386,198.725457,773.458191,249.462082,59.319175,2814.409353,765.919802,254.447176
81,24,754.173172,181.464916,752.649536,189.499939,19.282921,2833.692274,745.576386,198.725457
82,362,777.076001,174.968287,757.809692,181.92041,23.806423,2857.498696,754.173172,181.464916
83,294,807.237064,167.240558,776.629333,173.685715,31.13531,2888.634006,777.076001,174.968287
84,258,802.894292,135.938598,793.605469,155.829117,31.601778,2920.235784,807.237064,167.240558
85,223,820.279955,132.304239,812.550171,141.961487,17.761471,2937.997255,802.894292,135.938598
86,4,852.086619,159.662397,817.091675,140.432724,41.953935,2979.95119,820.279955,132.304239
87,496,872.531463,126.96846,845.878113,139.910873,38.56015,3018.51134,852.086619,159.662397
88,10,905.398652,92.764561,867.201294,129.3871,47.435839,3065.947178,872.531463,126.96846
89,143,910.02413,73.439921,903.777161,84.519302,19.8705,3085.817678,905.398652,92.764561
90,209,892.763092,73.592129,900.889099,80.119301,17.261709,3103.079387,910.02413,73.439921
91,56,878.908937,57.159213,905.405151,72.211685,21.493681,3124.573068,892.763092,73.592129
92,2,901.198878,38.153666,885.418762,62.731644,29.29253,3153.865598,878.908937,57.159213
93,76,938.262489,80.361813,894.00238,57.34935,56.171513,3210.037112,901.198878,38.153666
94,163,936.617665,105.726946,933.39325,84.293221,25.418407,3235.455519,938.262489,80.361813
95,105,944.221052,51.603918,937.088989,94.773918,54.654494,3290.110013,936.617665,105.726946
96,409,977.120537,71.003871,954.79657,71.917183,38.19338,3328.303393,944.221052,51.603918
97,439,982.432333,54.15667,982.871521,60.812611,17.664748,3345.968141,977.120537,71.003871
98,403,995.13287,77.995746,985.869019,65.004608,27.011204,3372.979345,982.432333,54.15667
99,322,976.773705,10.052574,983.242859,64.137421,70.379923,3443.359268,995.13287,77.995746
100,144,927.13812,10.956134,985.646484,34.169472,49.643809,3493.003077,976.773705,10.052574
101,169,851.357228,5.315298,930.173096,31.764904,75.990543,3568.99362,927.13812,10.956134
102,229,828.067588,64.918532,861.646118,41.545334,63.991819,3632.985439,851.357228,5.315298
103,182,814.652198,57.955135,829.454651,57.862068,15.114946,3648.100386,828.067588,64.918532
104,68,791.109158,28.258034,824.662598,51.195499,37.897131,3685.997516,814.652198,57.955135
105,170,788.833699,86.306612,809.298706,49.27446,58.093158,3744.090675,791.109158,28.258034
106,39,751.650158,44.129856,809.904175,68.650452,56.227168,3800.317842,788.833699,86.306612
107,432,687.275646,5.659697,762.014465,41.527527,74.99354,3875.311382,751.650158,44.129856
108,313,665.573412,32.661268,672.936646,33.82481,34.642052,3909.953434,687.275646,5.659697
109,31,628.317523,12.829109,670.942566,35.7761,42.205638,3952.159071,665.573412,32.661268
110,376,611.112702,25.748791,640.488281,29.409222,21.515669,3973.67474,628.317523,12.829109
111,213,553.716614,119.378013,624.493225,33.851631,109.821411,4083.496151,611.112702,25.748791
112,70,514.71914,137.371498,556.661194,108.957565,42.948439,4126.44459,553.716614,119.378013
113,37,483.811483,177.589731,525.340149,138.626282,50.722673,4177.167263,514.71914,137.371498
114,74,506.301487,203.272051,495.504974,190.500015,34.13769,4211.304953,483.811483,177.589731
115,348,475.866314,221.637307,501.945068,189.890015,35.546904,4246.851857,506.301487,203.272051
116,358,530.39235,233.148402,498.906494,207.192352,55.727855,4302.579712,475.866314,221.637307
117,132,467.391545,282.447029,524.010803,226.166473,79.9966,4382.576312,530.39235,233.148402
118,415,467.769152,302.403376,468.875793,284.825684,19.959919,4402.536231,467.391545,282.447029
119,148,435.663839,291.383169,469.173981,289.425659,33.944014,4436.480245,467.769152,302.403376
120,411,436.063577,310.125463,451.407959,292.201385,18.746557,4455.226802,435.663839,291.383169
121,95,420.76167,358.670557,445.433685,301.235565,50.899651,4506.126453,436.063577,310.125463
122,428,428.309794,377.598257,434.194275,350.994415,20.377243,4526.503696,420.76167,358.670557
123,126,416.05671,424.976476,431.476807,384.155884,48.937038,4575.440733,428.309794,377.598257
124,334,436.770826,447.377329,412.373535,433.757843,30.510209,4605.950942,416.05671,424.976476
125,445,401.310761,474.412531,420.637939,443.289856,44.590564,4650.541506,436.770826,447.377329
126,422,374.186656,450.209822,397.342712,465.388824,36.352279,4686.893785,401.310761,474.412531
127,446,381.675151,419.380764,376.894379,443.765442,31.725517,4718.619301,374.186656,450.209822
128,260,364.790846,420.8016,370.066895,427.862701,16.943982,4735.563283,381.675151,419.380764
129,326,329.089699,414.699523,369.84079,423.51178,36.21888,4771.782163,364.790846,420.8016
130,75,322.057227,398.170181,329.615295,400.432098,17.963151,4789.745314,329.089699,414.699523
131,465,324.29011,392.282231,326.268616,394.70166,6.29712,4796.042434,322.057227,398.170181
132,18,315.263152,398.238151,324.676208,395.70166,10.814756,4806.857191,324.29011,392.282231
133,123,320.623366,386.500874,325.91687,395.991547,12.903316,4819.760507,315.263152,398.238151
134,27,336.916153,391.193307,325.38974,395.972412,16.955053,4836.71556,320.623366,386.500874
135,483,303.140496,411.943937,326.336914,393.118073,39.640681,4876.356241,336.916153,391.193307
136,389,310.913253,431.872798,321.267517,407.490082,21.391009,4897.74725,303.140496,411.943937
137,9,315.458974,448.321708,316.387817,426.806122,17.065469,4914.812719,310.913253,431.872798
138,42,271.929852,434.268584,314.648956,429.937531,45.74139,4960.554108,315.458974,448.321708
139,109,265.91432,439.221662,273.441101,428.768188,7.792279,4968.346388,271.929852,434.268584
140,188,263.262577,420.872032,269.604431,431.001587,18.540244,4986.886632,265.91432,439.221662
141,261,263.193758,410.974419,262.933075,423.301575,9.897852,4996.784484,263.262577,420.872032
142,178,235.133035,431.300851,267.974579,425.777802,34.649214,5031.433698,263.193758,410.974419
143,302,224.803389,426.87693,242.358337,427.71344,11.237112,5042.670809,235.133035,431.300851
144,455,239.170463,464.30379,235.942139,435.737823,40.089682,5082.760492,224.803389,426.87693
145,49,262.54002,472.51074,245.867615,455.340546,24.768735,5107.529226,239.170463,464.30379
146,441,270.86498,491.530681,256.401703,469.829346,20.762059,5128.291285,262.54002,472.51074
147,88,224.149807,501.257553,257.588165,478.248932,47.717077,5176.008362,270.86498,491.530681
148,350,196.885716,482.308498,221.656494,492.048096,33.20237,5209.210732,224.149807,501.257553
149,425,206.987051,453.116609,212.095413,482.675049,30.890182,5240.100914,196.885716,482.308498
150,174,151.697465,461.334591,206.38121,460.514862,55.896991,5295.997904,206.987051,453.116609
151,159,125.978799,460.10439,142.690796,459.386932,25.748072,5321.745976,151.697465,461.334591
152,314,126.670671,448.784986,126.898239,452.481506,11.340529,5333.086505,125.978799,460.10439
153,340,121.093087,444.392803,125.807648,449.574219,7.099346,5340.185851,126.670671,448.784986
154,475,106.356283,438.023834,124.354317,447.669312,16.054195,5356.240046,121.093087,444.392803
155,133,92.158728,442.712416,105.247643,442.317139,14.951701,5371.191747,106.356283,438.023834
156,45,88.788905,433.200314,98.826569,438.537598,10.091372,5381.283119,92.158728,442.712416
157,28,73.290778,456.76707,101.556053,440.27887,28.206098,5409.489216,88.788905,433.200314
158,366,63.177253,465.789785,76.278923,446.589264,13.553331,5423.042547,73.290778,456.76707
159,99,62.44219,414.727355,88.989464,446.001923,51.06772,5474.110267,63.177253,465.789785
160,354,79.324772,393.653265,80.709396,416.672668,27.002571,5501.112839,62.44219,414.727355
161,365,82.896781,385.578674,78.880417,391.575684,8.829398,5509.942237,79.324772,393.653265
162,451,92.280365,366.436982,87.968216,389.526642,21.317974,5531.260211,82.896781,385.578674
163,44,62.608775,355.061447,82.622589,374.213959,31.777446,5563.037657,92.280365,366.436982
164,80,85.100029,317.028203,76.273102,367.086365,44.185792,5607.223448,62.608775,355.061447
165,397,118.702062,302.649607,100.016457,320.25061,36.549154,5643.772602,85.100029,317.028203
166,103,122.326791,265.416067,122.044479,287.802582,37.40956,5681.182161,118.702062,302.649607
167,329,102.512331,257.159584,121.151985,265.779175,21.465841,5702.648002,122.326791,265.416067
168,236,145.266513,284.885003,110.620644,260.298218,50.95703,5753.605032,102.512331,257.159584
169,371,160.309169,268.226755,152.120575,264.71344,22.445016,5776.050048,145.266513,284.885003
170,227,174.651739,266.68189,167.429962,263.328735,14.42553,5790.475578,160.309169,268.226755
171,444,173.078199,276.508926,172.513397,267.082611,9.952218,5800.427796,174.651739,266.68189
172,342,204.619347,287.003266,174.506973,265.504639,33.241167,5833.668963,173.078199,276.508926
173,233,187.995396,310.332472,184.627945,291.829529,28.646249,5862.315212,204.619347,287.003266
174,485,202.676815,330.573911,199.05748,309.443573,25.005198,5887.32041,187.995396,310.332472
175,494,210.949124,328.539193,207.227112,329.866638,8.518872,5895.839283,202.676815,330.573911
176,325,188.435794,349.090146,204.114716,327.44632,30.482646,5926.321928,210.949124,328.539193
177,200,205.342537,358.267169,197.830734,339.905701,19.236832,5945.55876,188.435794,349.090146
178,377,158.461934,333.038439,194.169128,343.892242,53.237954,5998.796714,205.342537,358.267169
179,300,155.766526,350.182071,158.593582,335.500458,17.354231,6016.150945,158.461934,333.038439
180,413,141.424174,334.141628,161.55098,332.151855,21.517409,6037.668354,155.766526,350.182071
181,418,230.784826,358.413092,155.711014,327.556641,92.598219,6130.266573,141.424174,334.141628
182,41,256.362347,352.04753,200.225494,346.101562,26.357731,6156.624304,230.784826,358.413092
183,5,337.216657,333.796395,228.624817,351.73645,82.88862,6239.512925,256.362347,352.04753
184,319,356.460516,310.760369,330.144287,342.210327,30.016405,6269.52933,337.216657,333.796395
185,73,340.080851,271.751388,368.803375,311.952179,42.308321,6311.83765,356.460516,310.760369
186,32,351.913683,229.129764,341.777863,269.79953,44.233683,6356.071334,340.080851,271.751388
187,162,288.756582,213.373448,337.128021,223.333893,65.092864,6421.164198,351.913683,229.129764
188,153,224.933978,222.049687,311.388245,189.355698,64.409642,6485.57384,288.756582,213.373448
189,495,209.515614,228.280076,214.669205,221.504654,16.629603,6502.203443,224.933978,222.049687
190,141,194.459915,211.630054,208.828079,222.474792,22.447657,6524.6511,209.515614,228.280076
191,77,197.094869,199.499345,201.565918,209.060959,12.413585,6537.064685,194.459915,211.630054
192,481,171.281886,195.911913,194.114563,210.304199,26.061077,6563.125762,197.094869,199.499345
193,40,134.727601,193.17697,180.914566,199.986191,36.656455,6599.782217,171.281886,195.911913
194,460,131.26336,193.023095,150.477203,197.662781,3.467656,6603.249873,134.727601,193.17697
195,391,143.709691,228.827084,135.543106,200.227142,37.90563,6641.155504,131.26336,193.023095
196,320,71.493218,205.826788,138.597778,209.865448,75.790715,6716.946219,143.709691,228.827084
197,210,56.781031,254.851068,77.578148,228.375137,51.184261,6768.13048,71.493218,205.826788
198,379,39.513209,243.376002,68.445015,243.776489,20.73294,6788.86342,56.781031,254.851068
199,224,0.3484,209.655845,62.315132,235.550919,51.681053,6840.544473,39.513209,243.376002
200,257,43.505208,152.236608,32.282402,201.781525,71.829513,6912.373986,0.3484,209.655845
201,171,32.2911,146.409185,24.733183,147.074112,12.637843,6925.011829,43.505208,152.236608
202,157,42.594606,139.222655,35.174862,140.970367,12.562184,6937.574013,32.2911,146.409185
203,440,22.852944,133.276185,33.375809,142.773956,20.617801,6958.191814,42.594606,139.222655
204,180,9.541469,327.381936,29.64773,142.342514,194.561656,7152.753469,22.852944,133.276185
205,193,3.286539,350.542378,12.491372,320.080109,23.99021,7176.74368,9.541469,327.381936
206,211,130.091177,410.747678,24.358856,354.286133,140.371274,7317.114953,3.286539,350.542378
207,168,126.146971,475.164161,105.484741,441.784302,64.537122,7381.652075,130.091177,410.747678
208,408,90.526621,512.936572,126.785645,450.960144,51.918825,7433.5709,126.146971,475.164161
209,462,72.40269,537.861589,92.627953,513.3927,30.817745,7464.388645,90.526621,512.936572
210,382,94.503715,556.261692,90.030144,547.529663,28.75794,7493.146585,72.40269,537.861589
211,138,110.948049,570.00764,100.95237,568.161499,21.432853,7514.579438,94.503715,556.261692
212,280,72.837384,573.817837,97.990547,566.197571,38.300657,7552.880096,110.948049,570.00764
213,242,62.730971,578.29044,80.527596,569.389771,11.051867,7563.931962,72.837384,573.817837
214,321,46.908134,558.405952,71.542473,569.641235,25.411711,7589.343673,62.730971,578.29044
215,339,63.1075,605.690749,68.352455,567.275391,49.982712,7639.326386,46.908134,558.405952
216,197,104.618212,596.32983,73.100639,586.214417,42.553096,7681.879482,63.1075,605.690749
217,435,154.765948,599.0686,102.6464,579.578308,50.222468,7732.10195,104.618212,596.32983
218,491,132.874862,639.756906,148.814514,614.478333,46.203441,7778.305391,154.765948,599.0686
219,89,126.106229,634.782754,132.088379,641.618469,8.399797,7786.705188,132.874862,639.756906
220,58,146.139234,655.931717,135.199173,646.976624,29.130738,7815.835925,126.106229,634.782754
221,240,153.957346,666.073196,149.207916,659.467468,12.805174,7828.641099,146.139234,655.931717
222,385,155.772889,671.902107,155.195312,666.259216,6.105113,7834.746212,153.957346,666.073196
223,64,136.015791,668.447137,153.812943,664.238098,20.056912,7854.803125,155.772889,671.902107
224,250,156.185283,643.82371,152.101913,659.928589,31.829571,7886.632696,136.015791,668.447137
225,279,104.721121,657.307875,144.190796,656.790894,53.201341,7939.834037,156.185283,643.82371
226,175,90.287351,668.349609,104.356003,661.046631,18.172881,7958.006918,104.721121,657.307875
227,166,82.770473,668.745154,90.797371,669.570679,7.527278,7965.534196,90.287351,668.349609
228,47,73.483993,694.205915,93.225609,670.143494,27.101458,7992.635654,82.770473,668.745154
229,359,57.361738,696.162681,73.515076,695.573242,16.240567,8008.876222,73.483993,694.205915
230,195,79.884927,719.619328,72.479462,691.381714,32.519352,8041.395574,57.361738,696.162681
231,251,98.611586,713.925615,89.948769,706.578613,19.573097,8060.968671,79.884927,719.619328
232,476,56.173717,751.369767,82.112732,704.914062,56.595381,8117.564052,98.611586,713.925615
233,421,9.192151,713.675613,63.989174,735.217163,60.233851,8177.797903,56.173717,751.369767
234,407,8.85122,711.762323,14.541656,699.881287,1.943428,8179.741331,9.192151,713.675613
235,249,31.235287,675.207347,12.355347,698.023499,42.863886,8222.605217,8.85122,711.762323
236,468,34.911302,677.635785,24.664162,676.858887,4.405724,8227.010941,31.235287,675.207347
237,114,19.912224,660.20466,29.626684,672.56012,22.99601,8250.006951,34.911302,677.635785
238,383,50.724712,657.071302,28.802788,676.873535,30.971396,8280.978347,19.912224,660.20466
239,230,23.827367,791.233708,31.883162,675.071472,136.832081,8417.810428,50.724712,657.071302
240,93,52.435371,861.647073,36.531826,775.732056,76.003025,8493.813453,23.827367,791.233708
241,374,49.1859,867.283406,56.551525,877.497009,6.505945,8500.319398,52.435371,861.647073
242,12,21.235975,911.150548,42.415264,893.775085,52.014656,8552.334054,49.1859,867.283406
243,146,41.8417,941.466773,42.724247,926.55365,36.656096,8588.99015,21.235975,911.150548
244,136,67.774919,939.392257,58.833328,941.352173,26.016062,8615.006212,41.8417,941.466773
245,183,64.60295,924.777621,67.92144,934.373901,14.954897,8629.961109,67.774919,939.392257
246,461,19.872507,959.437639,62.014267,928.939392,56.58736,8686.548469,64.60295,924.777621
247,116,42.76007,998.13423,38.606636,966.299438,44.9585,8731.506969,19.872507,959.437639
248,207,100.813323,999.91334,25.166985,962.834534,58.080508,8789.587477,42.76007,998.13423
249,369,128.355698,964.65566,106.938416,972.684204,44.740211,8834.327687,100.813323,999.91334
250,318,125.034453,954.483024,133.900665,966.689514,10.701083,8845.02877,128.355698,964.65566
251,473,152.628869,949.794608,127.663269,967.836182,27.989874,8873.018644,125.034453,954.483024
252,98,180.676053,977.230443,141.36734,964.701355,39.2348,8912.253445,152.628869,949.794608
253,298,182.647256,982.956659,172.545517,965.637451,6.056004,8918.309449,180.676053,977.230443
254,135,195.298825,940.890468,174.586975,964.888428,43.927515,8962.236964,182.647256,982.956659
255,297,249.024745,952.813474,187.955887,962.520081,55.033014,9017.269978,195.298825,940.890468
256,405,266.013609,965.364353,242.857712,951.248718,21.12217,9038.392148,249.024745,952.813474
257,396,232.393112,896.158976,241.072128,947.033142,76.939729,9115.331878,266.013609,965.364353
258,331,190.021255,865.533419,215.084213,911.787292,52.280962,9167.61284,232.393112,896.158976
259,228,168.148032,883.939657,178.034241,876.236206,28.58719,9196.20003,190.021255,865.533419
260,117,141.551758,870.467256,179.868118,872.501099,29.813879,9226.013909,168.148032,883.939657
261,226,129.642344,847.174064,145.762009,861.44574,26.161172,9252.175081,141.551758,870.467256
262,11,142.175064,790.071844,145.258469,852.011475,58.461377,9310.636458,129.642344,847.174064
263,426,143.640919,778.036123,144.415024,794.292847,12.124658,9322.761116,142.175064,790.071844
264,266,144.025903,758.891617,139.116165,779.509521,19.148376,9341.909492,143.640919,778.036123
265,386,170.826714,764.833585,149.76297,764.080872,27.451602,9369.361094,144.025903,758.891617
266,368,168.235826,699.604851,159.312866,760.875,65.280169,9434.641264,170.826714,764.833585
267,424,179.438335,675.205188,169.503311,680.669128,26.848459,9461.489722,168.235826,699.604851
268,16,206.862471,608.902526,161.601257,677.226746,71.750444,9533.240166,179.438335,675.205188
269,434,225.456772,597.806142,206.499176,601.323669,21.653586,9554.893752,206.862471,608.902526
270,284,231.729216,627.136154,213.811523,601.629944,29.993219,9584.886971,225.456772,597.806142
271,243,189.81954,569.344012,217.923599,605.642151,71.388743,9656.275714,231.729216,627.136154
272,79,194.163295,564.62449,193.897186,560.484192,6.41421,9662.689924,189.81954,569.344012
273,296,178.827873,558.162547,188.721054,559.892944,16.64127,9679.331194,194.163295,564.62449
274,101,174.878678,559.030469,180.783752,557.448242,4.043442,9683.374636,178.827873,558.162547
275,262,184.028607,529.139853,181.69902,556.774109,31.25972,9714.634357,174.878678,559.030469
276,395,197.341771,529.433848,186.597305,542.663757,13.31641,9727.950766,184.028607,529.139853
277,443,159.192258,530.69,183.614182,543.729858,38.170188,9766.120954,197.341771,529.433848
278,429,258.374579,573.038305,185.078094,544.351196,107.84485,9873.965804,159.192258,530.69
279,404,268.252032,561.662579,252.657227,572.282959,15.065564,9889.031368,258.374579,573.038305
280,471,286.936448,538.86701,265.0672,559.342102,29.474487,9918.505855,268.252032,561.662579
281,373,296.703459,588.081312,275.272675,554.215027,50.174117,9968.679972,286.936448,538.86701
282,351,330.818955,626.442659,279.35144,575.661865,51.336731,10020.016703,296.703459,588.081312
283,304,318.580099,637.869197,320.59729,633.618835,16.743816,10036.760519,330.818955,626.442659
284,108,324.695134,646.835837,331.91861,641.578857,10.853308,10047.613827,318.580099,637.869197
285,51,348.367021,639.127937,328.171967,638.431152,24.895179,10072.509005,324.695134,646.835837
286,317,348.188974,649.027094,341.67511,643.74469,9.900758,10082.409763,348.367021,639.127937
287,94,361.841075,668.947293,344.805023,646.579285,24.149414,10106.559177,348.188974,649.027094
288,222,358.768515,674.088129,354.142487,666.072144,5.989058,10112.548235,361.841075,668.947293
289,192,349.855299,690.231955,357.346344,667.753845,18.440947,10130.989183,358.768515,674.088129
290,431,395.499449,702.457327,356.96582,677.876709,47.253023,10178.242206,349.855299,690.231955
291,479,390.735641,725.704415,387.083649,714.382324,23.73017,10201.972376,395.499449,702.457327
292,53,419.037819,717.717907,394.002716,714.492737,29.407442,10231.379818,390.735641,725.704415
293,364,417.243271,736.495957,416.112518,724.612671,18.863604,10250.243421,419.037819,717.717907
294,436,444.807334,713.258018,416.992188,723.294067,36.052454,10286.295875,417.243271,736.495957
295,414,441.052786,748.460179,428.567139,725.782227,35.401819,10321.697694,444.807334,713.258018
296,84,483.959038,730.560328,429.413513,724.631897,46.490334,10368.188028,441.052786,748.460179
297,22,486.13647,668.470222,470.503723,722.174866,62.128275,10430.316303,483.959038,730.560328
298,268,454.046308,655.246178,458.203766,669.552612,34.708123,10465.024426,486.13647,668.470222
299,484,442.806658,625.693681,452.490479,651.241699,31.617713,10496.642139,454.046308,655.246178
300,332,422.251141,645.306749,441.442535,638.978149,28.411295,10525.053434,442.806658,625.693681
301,463,480.281081,626.575116,436.195312,646.590637,60.978258,10586.031693,422.251141,645.306749
302,310,548.245726,673.364914,460.338623,648.770996,82.513503,10668.545195,480.281081,626.575116
303,33,531.997491,723.663351,538.594299,685.558533,52.857714,10721.402909,548.245726,673.364914
304,427,548.403384,736.813439,542.934204,732.461304,21.025655,10742.428564,531.997491,723.663351
305,311,562.079888,729.490487,551.850769,734.373901,15.513619,10757.942183,548.403384,736.813439
306,387,581.900652,737.900648,556.487,736.563416,21.531221,10779.473404,562.079888,729.490487
307,186,604.693591,767.420669,568.587341,743.21759,37.295439,10816.768843,581.900652,737.900648
308,234,597.446423,784.286318,597.982971,777.448364,18.356784,10835.125627,604.693591,767.420669
309,274,586.501,786.096491,597.950867,779.703125,11.094099,10846.219726,597.446423,784.286318
310,62,629.617625,802.276646,592.861572,778.930115,46.052587,10892.272313,586.501,786.096491
311,467,622.202994,826.541798,615.366699,813.86676,25.372709,10917.645023,629.617625,802.276646
312,269,626.921019,827.677761,620.297546,827.142212,4.852852,10922.497874,622.202994,826.541798
313,346,615.633908,838.375801,624.301758,829.531494,15.551428,10938.049303,626.921019,827.677761
314,190,626.088628,846.503142,621.270447,831.733398,13.242161,10951.291464,615.633908,838.375801
315,150,670.949851,821.796792,622.420776,831.216125,51.214579,11002.506042,626.088628,846.503142
316,216,637.985996,762.059487,617.990662,825.14502,68.228743,11070.734785,670.949851,821.796792
317,295,685.891952,744.352406,618.590515,783.027344,51.073685,11121.80847,637.985996,762.059487
318,282,712.815345,763.538219,691.899231,774.52887,33.060014,11154.868484,685.891952,744.352406
319,204,728.720695,764.372512,717.858643,769.520691,15.927216,11170.7957,712.815345,763.538219
320,392,744.007004,790.610354,725.691101,773.250305,30.366027,11201.161727,728.720695,764.372512
321,97,753.713959,820.478126,743.72052,784.501526,31.405554,11232.567281,744.007004,790.610354
322,220,767.349939,837.313312,759.19281,814.331787,21.664797,11254.232078,753.713959,820.478126
323,482,768.361874,859.417869,766.396423,833.311035,22.127708,11276.359786,767.349939,837.313312
324,315,815.69389,836.465385,768.424561,840.847046,52.603577,11328.963363,768.361874,859.417869
325,177,819.700533,816.907229,820.85437,825.379883,19.964334,11348.927697,815.69389,836.465385
326,252,837.450262,797.172239,824.118164,814.742798,26.542846,11375.470543,819.700533,816.907229
327,14,837.837644,768.794747,831.675903,798.987183,28.380135,11403.850679,837.450262,797.172239
328,164,829.700484,753.009745,834.763367,773.834229,17.758933,11421.609611,837.837644,768.794747
329,185,792.623714,784.988015,832.397705,771.171631,48.962196,11470.571808,829.700484,753.009745
330,239,866.101465,800.635084,819.515137,799.356812,75.1253,11545.697108,792.623714,784.988015
331,90,898.268251,790.526029,846.007629,797.875854,33.717876,11579.414983,866.101465,800.635084
332,59,915.823194,776.13297,898.716858,788.691162,22.701017,11602.116,898.268251,790.526029
333,375,929.459668,767.890865,911.249756,780.109009,15.933792,11618.049792,915.823194,776.13297
334,225,915.763848,807.672548,907.674805,783.462585,42.073244,11660.123037,929.459668,767.890865
335,82,929.374321,809.019431,921.260986,798.993103,13.676955,11673.799991,915.763848,807.672548
336,130,926.893901,839.638324,916.540527,809.642822,30.719198,11704.519189,929.374321,809.019431
337,246,944.83476,862.410078,928.188477,837.619385,28.990122,11733.509311,926.893901,839.638324
338,52,969.686077,883.880138,941.511475,857.588623,32.841307,11766.350618,944.83476,862.410078
339,78,995.265014,890.808702,984.556091,886.307312,26.500698,11792.851316,969.686077,883.880138
340,264,991.327292,925.038673,983.891479,902.493103,34.455719,11827.307035,995.265014,890.808702
341,35,991.7931,964.059172,994.588135,922.611206,39.023279,11866.330315,991.327292,925.038673
342,336,936.181205,946.69186,989.42157,935.530396,58.260676,11924.590991,991.7931,964.059172
343,433,921.087699,983.756836,947.936218,961.385742,40.020325,11964.611316,936.181205,946.69186
344,202,890.316096,983.097922,904.605652,969.309265,30.778657,11995.389973,921.087699,983.756836
345,333,921.457331,929.092577,907.066223,971.588745,62.340628,12057.730602,890.316096,983.097922
346,120,899.582527,887.52341,924.936462,933.810852,46.973425,12104.704027,921.457331,929.092577
347,356,871.544857,844.322214,915.043823,889.479492,51.501982,12156.206009,899.582527,887.52341
348,187,859.597757,853.135493,866.901672,842.98822,14.846114,12171.052123,871.544857,844.322214
349,221,817.616857,884.797163,850.226257,847.268616,52.58191,12223.634033,859.597757,853.135493
350,25,820.190184,913.645912,828.172607,877.110413,28.963293,12252.597326,817.616857,884.797163
351,309,778.311575,970.625495,804.601379,936.118164,70.714149,12323.311475,820.190184,913.645912
352,459,785.226445,976.799219,777.870972,974.422607,9.269859,12332.581334,778.311575,970.625495
353,288,763.42873,970.085861,774.652344,973.451294,22.808102,12355.389437,785.226445,976.799219
354,66,740.164509,980.439147,769.632935,972.981201,25.463985,12380.853421,763.42873,970.085861
355,499,748.669149,921.271034,766.082214,971.285339,59.776204,12440.629625,740.164509,980.439147
356,158,731.220854,912.627422,741.262329,923.578918,19.471903,12460.101528,748.669149,921.271034
357,147,730.769261,879.131197,739.295105,903.579895,33.499269,12493.600797,731.220854,912.627422
358,21,666.657631,890.098571,747.507751,885.529968,65.042942,12558.64374,730.769261,879.131197
359,402,620.410393,919.602757,658.738831,883.466492,54.857124,12613.500863,666.657631,890.098571
360,390,601.014585,914.426078,616.182251,934.097656,20.074745,12633.575608,620.410393,919.602757
361,394,587.544841,943.703166,598.008362,932.187012,32.227037,12665.802644,601.014585,914.426078
362,107,573.530322,963.124578,589.783997,946.003479,23.949907,12689.752551,587.544841,943.703166
363,122,580.104827,981.313557,576.711182,964.436157,19.340709,12709.093261,573.530322,963.124578
364,406,617.332311,981.840299,582.769531,974.416016,37.23121,12746.324471,580.104827,981.313557
365,474,633.870588,957.047905,610.422974,975.300537,29.802306,12776.126777,617.332311,981.840299
366,255,657.852548,974.260825,631.205139,974.584167,29.519807,12805.646584,633.870588,957.047905
367,214,534.9347,975.161172,612.632874,972.175659,122.921145,12928.567729,657.852548,974.260825
368,393,505.769813,989.353841,545.09021,976.032654,32.434897,12961.002626,534.9347,975.161172
369,363,520.272093,908.041408,516.661133,963.141174,82.595568,13043.598194,505.769813,989.353841
370,457,494.324446,909.511945,508.954712,906.623901,25.989283,13069.587477,520.272093,908.041408
371,352,463.241933,910.018699,501.501038,908.150208,31.086643,13100.674121,494.324446,909.511945
372,172,457.606304,936.960036,459.507629,919.569946,27.52446,13128.198581,463.241933,910.018699
373,353,436.357727,913.503575,462.772675,910.795288,31.649764,13159.848345,457.606304,936.960036
374,287,416.25846,902.63804,436.360626,911.727417,22.848203,13182.696548,436.357727,913.503575
375,102,368.517191,921.682844,424.32193,912.655273,51.399741,13234.096289,416.25846,902.63804
376,328,359.074716,938.231106,370.525757,918.675049,19.052698,13253.148987,368.517191,921.682844
377,176,358.932916,956.076926,367.921936,937.086365,17.846384,13270.995371,359.074716,938.231106
378,72,369.000548,893.43356,356.85495,939.373535,63.44721,13334.442581,358.932916,956.076926
379,65,349.539686,871.077208,365.695007,904.276245,29.640035,13364.082616,369.000548,893.43356
380,417,350.785377,851.140738,346.975433,872.89209,19.975349,13384.057965,349.539686,871.077208
381,337,392.578843,833.207256,354.145996,859.153259,45.478606,13429.536571,350.785377,851.140738
382,316,428.567288,837.927066,397.921387,825.842529,36.296622,13465.833192,392.578843,833.207256
383,137,406.412958,791.51779,404.082092,824.871887,51.426017,13517.259209,428.567288,837.927066
384,181,400.711576,786.892326,398.233948,799.048462,7.341707,13524.600916,406.412958,791.51779
385,477,369.942699,757.866687,397.896088,784.078247,42.299072,13566.899989,400.711576,786.892326
386,15,343.462158,801.496591,387.014221,759.729309,51.03712,13617.937109,369.942699,757.866687
387,215,329.789343,799.24742,340.251099,795.459656,13.856574,13631.793683,343.462158,801.496591
388,349,312.155216,776.560874,336.183472,801.954102,28.733983,13660.527666,329.789343,799.24742
389,470,299.31272,860.824588,322.692902,788.422852,85.236748,13745.764415,312.155216,776.560874
390,131,302.752804,865.673243,315.462433,863.428101,5.945051,13751.709465,299.31272,860.824588
391,464,291.060743,932.479674,315.666229,861.139587,67.821851,13819.531316,302.752804,865.673243
392,48,404.207267,985.348175,278.641693,942.5448,124.888808,13944.420124,291.060743,932.479674
393,69,521.590772,871.394668,371.556183,950.219116,163.597949,14108.018073,404.207267,985.348175
394,345,534.3931,865.667641,514.640503,889.111206,14.024922,14122.042995,521.590772,871.394668
395,241,549.879672,897.513895,527.397156,876.134155,35.412113,14157.455109,534.3931,865.667641
396,100,500.474798,829.357735,531.529419,891.086182,84.178998,14241.634107,549.879672,897.513895
397,17,527.074952,809.338525,528.065735,831.483215,33.291696,14274.925802,500.474798,829.357735
398,83,534.183414,786.080054,524.432617,810.727966,24.320499,14299.246301,527.074952,809.338525
399,129,524.772198,763.856685,531.382812,777.642944,24.133983,14323.380284,534.183414,786.080054
400,478,564.580828,648.127389,539.650208,766.490479,122.384627,14445.764911,524.772198,763.856685
401,458,621.172613,621.827244,553.397766,667.720276,62.404549,14508.16946,564.580828,648.127389
402,361,609.514089,607.39767,619.680664,631.527222,18.550843,14526.720304,621.172613,621.827244
403,442,669.724045,653.329185,608.401428,622.050537,75.729406,14602.44971,609.514089,607.39767
404,301,676.700037,638.459634,675.070251,638.653931,16.424617,14618.874326,669.724045,653.329185
405,20,684.837219,638.353264,679.725647,636.512024,8.137877,14627.012203,676.700037,638.459634
406,399,719.011722,627.045802,690.44873,637.454773,35.996603,14663.008806,684.837219,638.353264
407,492,740.375832,666.598531,719.139404,648.393555,44.953794,14707.962599,719.011722,627.045802
408,480,749.34865,655.728967,741.537903,647.164856,14.094641,14722.05724,740.375832,666.598531
409,194,758.85161,646.604041,743.616028,649.831848,13.174616,14735.231857,749.34865,655.728967
410,412,760.664533,637.109317,744.430725,646.138977,9.666254,14744.898111,758.85161,646.604041
411,259,705.925008,583.729403,744.653137,650.187195,76.458033,14821.356144,760.664533,637.109317
412,263,660.817846,549.742848,697.155334,607.490479,56.4778,14877.833945,705.925008,583.729403
413,145,656.21345,546.927631,658.656372,547.029053,5.396843,14883.230788,660.817846,549.742848
414,232,638.109778,543.597331,656.04248,546.130188,18.407439,14901.638227,656.21345,546.927631
415,212,621.07827,519.419512,646.081909,537.377136,29.5743,14931.212527,638.109778,543.597331
416,127,607.058548,496.809689,619.363159,518.492798,26.603697,14957.816224,621.07827,519.419512
417,91,609.157786,494.474421,613.752686,503.04071,3.140108,14960.956332,607.058548,496.809689
418,196,610.009442,444.718203,611.95343,502.714386,49.763506,15010.719838,609.157786,494.474421
419,217,657.947476,439.507797,629.920044,462.240692,48.220363,15058.940201,610.009442,444.718203
420,154,662.421412,434.60321,650.505798,443.430664,6.638606,15065.578806,657.947476,439.507797
421,384,654.464484,414.450004,651.698486,433.945923,21.667127,15087.245934,662.421412,434.60321
422,416,696.571644,479.830071,657.975525,427.276184,77.766099,15165.012033,654.464484,414.450004
423,111,690.46827,500.995812,689.111328,469.167999,22.028158,15187.040191,696.571644,479.830071
424,115,733.762519,477.321755,693.486877,504.356293,49.344229,15236.38442,690.46827,500.995812
425,19,769.27909,512.752134,723.375305,479.714111,50.167106,15286.551526,733.762519,477.321755
426,453,765.671517,543.460553,763.69519,495.987823,30.919599,15317.471125,769.27909,512.752134
427,271,808.001576,465.399007,746.515808,529.857849,88.799994,15406.271119,765.671517,543.460553
428,360,789.943989,444.145759,798.937134,450.318237,27.888654,15434.159772,808.001576,465.399007
429,244,817.174486,434.027044,805.09491,452.703217,29.049756,15463.209528,789.943989,444.145759
430,370,798.381115,415.952997,809.256104,441.357147,26.074163,15489.283691,817.174486,434.027044
431,139,761.696224,436.011728,799.84668,433.677856,41.810691,15531.094382,798.381115,415.952997
432,303,848.656154,472.38123,777.90448,444.208282,94.259058,15625.353441,761.696224,436.011728
433,119,863.939017,463.406321,835.228394,457.721588,17.723287,15643.076727,848.656154,472.38123
434,381,912.788164,435.127736,838.271118,459.345184,56.443932,15699.520659,863.939017,463.406321
435,237,961.173409,426.97587,944.690613,450.142395,49.067147,15748.587806,912.788164,435.127736
436,306,980.298902,443.41072,976.81842,431.96048,25.216835,15773.804641,961.173409,426.97587
437,38,991.957773,444.49992,984.907349,452.882355,11.709639,15785.514279,980.298902,443.41072
438,156,983.670837,496.933377,986.159058,458.787872,53.084279,15838.598559,991.957773,444.49992
439,281,975.301177,506.480274,987.669739,483.460632,12.696238,15851.294797,983.670837,496.933377
440,61,974.929566,517.103487,987.737488,485.122742,10.62971,15861.924507,975.301177,506.480274
441,486,922.545332,583.51436,985.103027,500.029938,84.584349,15946.508856,974.929566,517.103487
442,267,943.536473,600.621761,937.5578,602.06189,27.079349,15973.588204,922.545332,583.51436
443,388,957.082942,615.483981,939.91571,609.785583,20.109511,15993.697715,943.536473,600.621761
444,286,937.777069,631.629414,934.187317,609.237061,25.167275,16018.86499,957.082942,615.483981
445,34,909.153276,638.800839,944.305237,618.501953,29.508489,16048.373479,937.777069,631.629414
446,469,881.706813,626.317508,915.752625,636.314209,30.15198,16078.525459,909.153276,638.800839
447,253,882.952284,615.264828,883.614075,618.393921,11.122631,16089.64809,881.706813,626.317508
448,265,890.281011,603.90724,883.028198,616.262329,13.516843,16103.164933,882.952284,615.264828
449,191,876.810663,602.653774,881.857361,613.415588,13.528542,16116.693475,890.281011,603.90724
450,205,900.922243,672.465959,886.856628,611.615601,73.858713,16190.552188,876.810663,602.653774
451,305,864.790309,697.213919,888.149841,652.035461,43.794728,16234.346917,900.922243,672.465959
452,291,840.631478,690.855276,858.927734,689.34021,24.981622,16259.328539,864.790309,697.213919
453,312,822.177146,695.187817,854.757629,692.367249,18.956088,16278.284627,840.631478,690.855276
454,86,832.777044,577.944173,833.265625,703.117126,117.721832,16396.006459,822.177146,695.187817
455,160,862.150865,551.800211,860.880676,591.448181,39.323379,16435.329838,832.777044,577.944173
456,447,973.671494,694.002887,862.772217,594.720154,180.716495,16616.046333,862.150865,551.800211
457,189,984.445136,367.744866,935.232422,661.065308,326.435855,16942.482188,973.671494,694.002887
458,308,971.819552,365.13755,987.914001,399.179169,12.891992,16955.374181,984.445136,367.744866
459,450,999.648337,302.175782,993.787598,390.383636,68.837675,17024.211856,971.819552,365.13755
460,452,964.473869,277.768053,979.625488,315.55249,42.813321,17067.025177,999.648337,302.175782
461,419,925.724467,254.495645,991.738464,299.374695,45.200897,17112.226074,964.473869,277.768053
462,112,905.463196,275.021272,928.858093,249.822769,28.841298,17141.067372,925.724467,254.495645
463,118,891.532629,220.857006,930.1427,256.303375,55.926992,17196.994364,905.463196,275.021272
464,113,954.85463,182.205834,913.673401,233.02916,74.186177,17271.180542,891.532629,220.857006
465,167,959.225747,179.796654,944.487061,178.113556,4.991073,17276.171615,954.85463,182.205834
466,293,933.294379,140.303151,949.995483,170.510666,47.245875,17323.417489,959.225747,179.796654
467,489,584.393094,158.205475,948.392151,134.715286,349.360272,17672.777761,933.294379,140.303151
468,63,386.246163,62.055765,583.621887,134.319412,220.242987,17893.020748,584.393094,158.205475
469,23,374.521632,31.841307,393.383057,62.937447,32.409537,17925.430285,386.246163,62.055765
470,235,338.218093,22.660849,374.141571,43.762066,37.446332,17962.876616,374.521632,31.841307
471,380,347.429665,83.569953,339.70636,40.497463,61.60172,18024.478337,338.218093,22.660849
472,347,207.989777,240.722878,369.993652,81.433624,210.096464,18234.5748,347.429665,83.569953
473,289,337.842641,480.888383,219.529846,221.191925,273.02241,18507.59721,207.989777,240.722878
474,140,356.466242,493.21881,340.416901,463.450867,22.335576,18529.932786,337.842641,480.888383
475,493,393.37713,493.017932,357.685577,484.627869,36.911435,18566.844221,356.466242,493.21881
476,81,341.144246,537.681998,384.596405,475.176605,68.7252,18635.569421,393.37713,493.017932
477,357,382.76906,563.80095,352.082886,525.896973,49.140867,18684.710288,341.144246,537.681998
478,231,393.688673,568.422787,377.103912,551.884583,11.857459,18696.567747,382.76906,563.80095
479,276,374.894016,585.927621,380.712585,564.010742,25.683815,18722.251562,393.688673,568.422787
480,410,464.91501,504.756488,373.897705,575.724792,121.212756,18843.464318,374.894016,585.927621
481,283,488.111115,525.682649,471.018921,522.31897,31.240415,18874.704732,464.91501,504.756488
482,71,500.122511,545.457741,492.934143,524.071228,23.137154,18897.841886,488.111115,525.682649
483,57,518.696125,537.536378,508.387787,547.727173,20.192254,18918.034141,500.122511,545.457741
484,273,538.505135,562.674195,504.610931,554.766357,32.004792,18950.038933,518.696125,537.536378
485,238,497.493998,422.722079,518.51593,557.796021,145.837265,19095.876199,538.505135,562.674195
486,323,486.06785,420.434791,491.059326,415.031799,11.652834,19107.529032,497.493998,422.722079
487,327,488.302455,395.919063,494.451996,410.342743,24.617359,19132.146392,486.06785,420.434791
488,87,486.119958,395.813315,488.737793,396.742493,2.185057,19134.331449,488.302455,395.919063
489,277,490.82972,372.451728,490.014008,395.741699,23.831609,19158.163058,486.119958,395.813315
490,270,479.400657,371.663625,487.871826,387.228027,11.456202,19169.619261,490.82972,372.451728
491,155,560.485469,390.086823,484.840576,387.705566,83.151433,19252.770694,479.400657,371.663625
492,498,582.267594,382.484633,557.938721,368.860291,23.070636,19275.84133,560.485469,390.086823
493,437,320.321999,711.26879,575.950806,374.616608,420.374258,19696.215588,582.267594,382.484633
494,290,235.277989,728.795847,362.841339,687.024536,86.831339,19783.046927,320.321999,711.26879
495,449,232.187523,768.987458,233.45932,745.484802,40.310254,19823.357181,235.277989,728.795847
496,372,232.006852,816.485563,229.703979,766.067932,47.498449,19870.85563,232.187523,768.987458
497,46,8.561215,535.801019,229.587524,817.52179,358.764221,20229.619851,232.006852,816.485563
498,161,17.422568,520.87226,34.344597,553.650146,17.360628,20246.980479,8.561215,535.801019
499,430,835.9069,972.263714,17.852228,539.144043,934.703614,21181.684093,17.422568,520.87226
500,0,52.363599,87.186678,,,1182.075068,22363.759161,835.9069,972.263714
