step,node_index,x,y,step_distance,cumulative_distance
0,0,52.363599,87.186678,0.0,0.0
1,547,55.145657,107.956641,20.955458,20.955458
2,219,113.245306,100.926212,58.523466,79.478924
3,634,141.866832,112.105584,30.727351,110.206275
4,797,131.940207,139.642665,29.271636,139.477911
5,732,88.616441,154.323017,45.74343,185.221342
6,257,43.505208,152.236608,45.159455,230.380797
7,157,42.594606,139.222655,13.045772,243.426569
8,440,22.852944,133.276185,20.617801,264.04437
9,171,32.2911,146.409185,16.172646,280.217016
10,224,0.3484,209.655845,70.855318,351.072334
11,320,71.493218,205.826788,71.247785,422.32012
12,762,75.990721,211.829913,7.501003,429.821123
13,522,70.011925,217.365857,8.14817,437.969293
14,735,54.327965,228.396483,19.174496,457.143789
15,379,39.513209,243.376002,21.068056,478.211845
16,210,56.781031,254.851068,20.73294,498.944786
17,80,85.100029,317.028203,68.322483,567.267269
18,653,103.049286,312.004175,18.639116,585.906385
19,397,118.702062,302.649607,18.235059,604.141444
20,413,141.424174,334.141628,38.833513,642.974957
21,377,158.461934,333.038439,17.073439,660.048396
22,796,159.468922,342.556502,9.571183,669.619579
23,300,155.766526,350.182071,8.476853,678.096432
24,934,168.039489,340.674487,15.524812,693.621244
25,325,188.435794,349.090146,22.064283,715.685526
26,789,194.098928,342.750331,8.500844,724.18637
27,200,205.342537,358.267169,19.162228,743.348598
28,644,206.593565,381.516651,23.283116,766.631714
29,505,203.772744,391.644935,10.513761,777.145475
30,622,181.862993,421.67057,37.169556,814.315032
31,545,209.345874,436.865117,31.403551,845.718583
32,302,224.803389,426.87693,18.403767,864.12235
33,178,235.133035,431.300851,11.237112,875.359461
34,261,263.193758,410.974419,34.649214,910.008675
35,188,263.262577,420.872032,9.897852,919.906527
36,109,265.91432,439.221662,18.540244,938.446771
37,42,271.929852,434.268584,7.792279,946.239051
38,9,315.458974,448.321708,45.74139,991.98044
39,389,310.913253,431.872798,17.065469,1009.045909
40,483,303.140496,411.943937,21.391009,1030.436918
41,326,329.089699,414.699523,26.095103,1056.532021
42,18,315.263152,398.238151,21.497677,1078.029698
43,75,322.057227,398.170181,6.794415,1084.824113
44,465,324.29011,392.282231,6.29712,1091.121233
45,123,320.623366,386.500874,6.846101,1097.967334
46,27,336.916153,391.193307,16.955053,1114.922387
47,747,352.234901,353.948296,40.27226,1155.194647
48,5,337.216657,333.796395,25.132584,1180.327231
49,927,314.346194,333.649822,22.870933,1203.198163
50,843,324.207936,318.939809,17.70984,1220.908003
51,586,337.867857,315.87515,13.999485,1234.907488
52,319,356.460516,310.760369,19.283359,1254.190848
53,690,355.940754,323.300122,12.55052,1266.741368
54,510,423.407168,327.290745,67.584333,1334.325701
55,411,436.063577,310.125463,21.326781,1355.652482
56,768,452.987939,307.739825,17.091674,1372.744156
57,742,459.447343,311.553426,7.501163,1380.245319
58,415,467.769152,302.403376,12.368344,1392.613662
59,132,467.391545,282.447029,19.959919,1412.573582
60,633,459.901815,282.78651,7.497419,1420.071001
61,756,450.633433,282.437602,9.274947,1429.345948
62,148,435.663839,291.383169,17.438804,1446.784752
63,787,427.908541,289.864205,7.902652,1454.687404
64,727,429.114349,236.781663,53.096236,1507.78364
65,868,446.442437,215.210852,27.668801,1535.452441
66,348,475.866314,221.637307,30.117501,1565.569942
67,891,480.561661,219.560557,5.134118,1570.70406
68,74,506.301487,203.272051,30.460697,1601.164757
69,936,496.679293,225.389279,24.119667,1625.284425
70,874,502.378359,265.732566,40.743836,1666.028261
71,358,530.39235,233.148402,42.971053,1708.999314
72,110,571.521106,248.413309,43.870172,1752.869486
73,13,573.408086,265.321705,17.013364,1769.88285
74,134,544.96136,279.29937,31.695288,1801.578139
75,707,532.298981,291.300416,17.445943,1819.024082
76,248,534.933209,311.458854,20.329825,1839.353907
77,507,537.565395,310.974156,2.676441,1842.030348
78,751,537.782463,317.028602,6.058337,1848.088685
79,970,546.989923,324.33452,11.753883,1859.842567
80,996,566.951236,336.071848,23.1564,1882.998967
81,29,573.168515,336.106099,6.217373,1889.21634
82,165,592.823175,324.864237,22.642552,1911.858892
83,565,594.831225,309.359651,15.634079,1927.492972
84,798,617.087486,309.263998,22.256466,1949.749438
85,895,607.403498,287.695434,23.642813,1973.39225
86,208,604.693279,270.45034,17.456763,1990.849013
87,36,629.99071,233.373184,44.885136,2035.734149
88,401,637.707552,231.740317,7.887707,2043.621855
89,466,627.784138,198.808361,34.394591,2078.016446
90,26,658.074157,170.126888,41.714652,2119.731098
91,378,665.809987,161.272998,11.757314,2131.488412
92,806,675.974257,174.794851,16.916055,2148.404467
93,343,702.928024,151.706787,35.49034,2183.894807
94,292,711.175991,143.711577,11.487052,2195.381859
95,579,682.986141,138.798337,28.614814,2223.996673
96,92,695.782174,122.316321,20.866129,2244.862801
97,518,715.808451,95.410147,33.54093,2278.403731
98,578,725.454118,107.533339,15.492278,2293.896009
99,170,788.833699,86.306612,66.839697,2360.735707
100,784,771.105261,128.581408,45.841639,2406.577345
101,258,802.894292,135.938598,32.629292,2439.206637
102,614,812.930849,147.76566,15.511669,2454.718306
103,223,820.279955,132.304239,17.119138,2471.837444
104,989,828.199486,130.698048,8.080768,2479.918212
105,609,842.125125,142.413854,18.198449,2498.116661
106,901,844.024637,146.319193,4.342789,2502.45945
107,4,852.086619,159.662397,15.589633,2518.049083
108,294,807.237064,167.240558,45.485285,2563.534368
109,362,777.076001,174.968287,31.13531,2594.669678
110,925,771.360245,184.809122,11.38033,2606.050007
111,24,754.173172,181.464916,17.509403,2623.55941
112,650,743.366995,173.430258,13.465852,2637.025262
113,652,747.179103,187.119399,14.210022,2651.235284
114,198,745.576386,198.725457,11.716198,2662.951482
115,638,722.126603,203.194434,23.871825,2686.823308
116,744,744.049422,234.500819,38.219101,2725.042409
117,881,746.130943,247.020542,12.69158,2737.733989
118,487,765.919802,254.447176,21.136552,2758.870542
119,85,776.954442,256.851738,11.293591,2770.164133
120,819,794.259891,241.002215,23.466698,2793.630831
121,201,778.020594,283.299578,45.307634,2838.938465
122,121,774.297446,288.710242,6.567886,2845.50635
123,540,738.41205,279.634052,37.015386,2882.521737
124,804,718.924951,241.644018,42.696484,2925.21822
125,971,711.200385,246.007051,8.871583,2934.089803
126,965,680.511792,217.651344,41.7832,2975.873003
127,400,668.463121,231.302295,18.207662,2994.080665
128,526,670.284872,237.865605,6.811447,3000.892112
129,503,668.134772,246.87101,9.258522,3010.150635
130,795,668.718255,253.150988,6.307026,3016.457661
131,272,647.890424,284.216619,37.401497,3053.859157
132,587,686.588648,295.65733,40.353964,3094.213121
133,67,668.834354,303.805779,19.534896,3113.748018
134,438,652.590994,336.773466,36.752077,3150.500094
135,528,660.111433,351.020261,16.109878,3166.609972
136,54,679.051952,372.109619,28.346152,3194.956124
137,536,681.366386,372.65893,2.378728,3197.334852
138,330,692.416095,368.188792,11.919656,3209.254508
139,952,703.623042,412.487464,45.694288,3254.948796
140,755,738.465955,375.742731,50.63797,3305.586766
141,338,731.590005,367.780465,10.520284,3316.107051
142,948,719.535467,327.195942,42.336927,3358.443978
143,829,732.158542,316.045063,16.842924,3375.286902
144,959,734.878434,313.644939,3.627452,3378.914354
145,50,750.814941,334.830541,26.510412,3405.424766
146,96,770.285967,343.033283,21.128318,3426.553085
147,206,780.099773,365.520099,24.53503,3451.088115
148,889,773.163123,363.332886,7.273309,3458.361423
149,757,765.344819,371.586955,11.369061,3469.730484
150,926,760.043414,386.314144,15.652316,3485.3828
151,915,759.403964,395.681184,9.38884,3494.77164
152,139,761.696224,436.011728,40.395634,3535.167274
153,115,733.762519,477.321755,49.867928,3585.035202
154,111,690.46827,500.995812,49.344229,3634.379431
155,416,696.571644,479.830071,22.028158,3656.407589
156,581,671.128854,461.074723,31.608522,3688.016111
157,217,657.947476,439.507797,25.276096,3713.292207
158,154,662.421412,434.60321,6.638606,3719.930813
159,384,654.464484,414.450004,21.667127,3741.59794
160,837,631.795345,393.283185,31.014901,3772.612841
161,953,630.931134,374.977158,18.326415,3790.939256
162,488,626.115013,369.106907,7.59308,3798.532336
163,344,604.96949,360.698664,22.755915,3821.288251
164,498,582.267594,382.484633,31.464337,3852.752589
165,155,560.485469,390.086823,23.070636,3875.823225
166,691,549.954489,364.107638,28.032474,3903.855699
167,245,534.798719,365.127571,15.190051,3919.04575
168,840,533.657126,362.551755,2.817457,3921.863207
169,3,536.20204,332.197699,30.460553,3952.32376
170,285,525.216345,335.247981,11.401304,3963.725064
171,696,512.313878,334.832519,12.909154,3976.634218
172,802,516.133397,357.186968,22.678406,3999.312625
173,590,524.441357,370.95287,16.078628,4015.391252
174,746,501.787269,380.459289,24.567859,4039.959111
175,277,490.82972,372.451728,13.571622,4053.530733
176,270,479.400657,371.663625,11.456202,4064.986935
177,818,475.391944,369.861952,4.394975,4069.38191
178,725,478.180459,381.150911,11.62826,4081.01017
179,87,486.119958,395.813315,16.673984,4097.684154
180,327,488.302455,395.919063,2.185057,4099.869211
181,630,499.538124,402.429557,12.985638,4112.854849
182,323,486.06785,420.434791,22.486367,4135.341216
183,238,497.493998,422.722079,11.652834,4146.99405
184,966,581.542853,453.51098,89.510706,4236.504756
185,871,595.300188,434.197332,23.712471,4260.217226
186,745,598.903134,423.997889,10.817109,4271.034336
187,196,610.009442,444.718203,23.509179,4294.543515
188,816,612.527297,496.432589,51.775644,4346.319158
189,91,609.157786,494.474421,3.897183,4350.216341
190,127,607.058548,496.809689,3.140108,4353.356448
191,813,602.163478,516.763842,20.545801,4373.902249
192,212,621.07827,519.419512,19.100312,4393.002561
193,564,621.434509,537.101864,17.68594,4410.688501
194,730,634.207636,535.929926,12.826777,4423.515279
195,232,638.109778,543.597331,8.603244,4432.118523
196,542,651.518418,516.435596,30.291112,4462.409634
197,145,656.21345,546.927631,30.851378,4493.261012
198,263,660.817846,549.742848,5.396843,4498.657855
199,960,645.483034,563.192977,20.397609,4519.055464
200,668,662.97889,589.156291,31.308124,4550.363588
201,259,705.925008,583.729403,43.287644,4593.651231
202,525,741.884526,580.889195,36.071508,4629.72274
203,627,743.44537,576.343209,4.806478,4634.529218
204,699,750.014595,561.290449,16.423771,4650.952989
205,453,765.671517,543.460553,23.728557,4674.681546
206,19,769.27909,512.752134,30.919599,4705.601145
207,758,816.330027,483.872092,55.207314,4760.808459
208,271,808.001576,465.399007,20.263711,4781.07217
209,561,800.848154,463.134083,7.503421,4788.575591
210,360,789.943989,444.145759,21.896512,4810.472103
211,244,817.174486,434.027044,29.049756,4839.521859
212,370,798.381115,415.952997,26.074163,4865.596022
213,734,819.771651,409.9853,22.207397,4887.803419
214,749,825.746453,381.758874,28.851852,4916.65527
215,990,837.444241,354.895496,29.299818,4945.955088
216,104,819.802587,322.234013,37.121429,4983.076517
217,504,862.854909,341.311815,47.089967,5030.166484
218,608,855.178528,364.278453,24.215559,5054.382043
219,838,884.998945,366.077801,29.874654,5084.256697
220,637,889.813909,371.10061,6.957908,5091.214605
221,689,894.863029,365.629082,7.445215,5098.65982
222,983,930.557471,362.02804,35.875628,5134.535448
223,548,900.228265,390.750104,41.771015,5176.306462
224,860,895.853897,416.018543,25.64428,5201.950743
225,381,912.788164,435.127736,25.532933,5227.483676
226,894,891.829312,458.729651,31.564598,5259.048274
227,708,916.784196,493.645862,42.917223,5301.965497
228,887,883.647164,494.085431,33.139948,5335.105445
229,119,863.939017,463.406321,36.463939,5371.569384
230,303,848.656154,472.38123,17.723287,5389.292671
231,621,837.826733,511.802207,40.881411,5430.174082
232,649,809.100962,530.918978,34.505374,5464.679456
233,947,805.465762,538.078975,8.029958,5472.709415
234,896,805.597283,567.370185,29.291505,5502.00092
235,86,832.777044,577.944173,29.164168,5531.165088
236,554,857.16202,567.052075,26.707019,5557.872107
237,160,862.150865,551.800211,16.047054,5573.91916
238,706,897.160429,554.49056,35.112782,5609.031943
239,568,869.769811,575.228139,34.355394,5643.387337
240,191,876.810663,602.653774,28.314996,5671.702334
241,265,890.281011,603.90724,13.528542,5685.230876
242,253,882.952284,615.264828,13.516843,5698.747719
243,469,881.706813,626.317508,11.122631,5709.87035
244,567,883.986633,632.707727,6.784725,5716.655075
245,34,909.153276,638.800839,25.893743,5742.548817
246,771,927.619123,658.701188,27.147954,5769.696771
247,662,917.144719,671.950475,16.889546,5786.586316
248,205,900.922243,672.465959,16.230663,5802.81698
249,575,913.285975,705.073773,34.873076,5837.690056
250,733,882.051019,708.940926,31.473438,5869.163494
251,765,871.881026,724.111766,18.264258,5887.427752
252,764,874.088183,701.719894,22.500388,5909.92814
253,305,864.790309,697.213919,10.332197,5920.260337
254,291,840.631478,690.855276,24.981622,5945.241959
255,312,822.177146,695.187817,18.956088,5964.198046
256,850,794.278737,709.142933,31.194014,5995.39206
257,541,772.100878,691.717994,28.20436,6023.59642
258,492,740.375832,666.598531,40.465614,6064.062035
259,480,749.34865,655.728967,14.094641,6078.156675
260,194,758.85161,646.604041,13.174616,6091.331292
261,648,778.914286,641.517929,20.697331,6112.028623
262,591,772.286444,630.967073,12.45989,6124.488513
263,412,760.664533,637.109317,13.145187,6137.6337
264,513,758.892219,639.18707,2.730963,6140.364663
265,904,733.591597,632.771813,26.101283,6166.465946
266,399,719.011722,627.045802,15.66397,6182.129916
267,892,711.498867,641.600277,16.379125,6198.509041
268,820,695.652761,661.914301,25.763513,6224.272554
269,20,684.837219,638.353264,25.924861,6250.197415
270,301,676.700037,638.459634,8.137877,6258.335291
271,442,669.724045,653.329185,16.424617,6274.759908
272,697,666.757082,661.763908,8.941332,6283.70124
273,785,651.318415,649.318409,19.830353,6303.531593
274,458,621.172613,621.827244,40.798695,6344.330288
275,361,609.514089,607.39767,18.550843,6362.881132
276,555,623.045488,579.113473,31.354338,6394.23547
277,924,594.129408,585.857803,29.692182,6423.927652
278,705,586.328459,644.624092,59.281798,6483.20945
279,478,564.580828,648.127389,22.027994,6505.237444
280,551,549.411407,663.430543,21.547573,6526.785017
281,310,548.245726,673.364914,10.002527,6536.787543
282,501,592.557989,705.954318,55.005871,6591.793415
283,692,598.378457,733.447388,28.102433,6619.895848
284,577,591.453772,733.190946,6.929431,6626.825279
285,387,581.900652,737.900648,10.650981,6637.476261
286,311,562.079888,729.490487,21.531221,6659.007482
287,427,548.403384,736.813439,15.513619,6674.521101
288,33,531.997491,723.663351,21.025655,6695.546756
289,549,523.358068,699.393545,25.76166,6721.308416
290,828,531.89941,686.638269,15.350947,6736.659363
291,596,512.239634,684.502261,19.775473,6756.434836
292,22,486.13647,668.470222,30.633339,6787.068175
293,880,489.684009,643.911985,24.813142,6811.881317
294,463,480.281081,626.575116,19.722629,6831.603945
295,827,477.182155,599.103636,27.645716,6859.249661
296,886,486.057698,580.750583,20.38651,6879.636171
297,752,490.265606,565.591543,15.732227,6895.368398
298,954,496.958323,577.707476,13.841542,6909.20994
299,678,508.083028,611.250233,35.339434,6944.549374
300,993,516.904563,615.04086,9.601475,6954.150849
301,645,567.853723,602.928619,52.369107,7006.519956
302,846,563.48496,594.658491,9.353133,7015.873089
303,763,552.046287,574.93551,22.799983,7038.673072
304,273,538.505135,562.674195,18.26753,7056.940602
305,616,553.581505,547.864682,21.133352,7078.073954
306,670,536.009827,520.824436,32.248082,7110.322036
307,617,534.201286,518.199548,3.18761,7113.509646
308,57,518.696125,537.536378,24.78554,7138.295186
309,71,500.122511,545.457741,20.192254,7158.48744
310,283,488.111115,525.682649,23.137154,7181.624594
311,741,468.390396,539.268925,23.947728,7205.572322
312,835,456.004758,512.866974,29.162768,7234.73509
313,410,464.91501,504.756488,12.048757,7246.783848
314,893,468.600933,495.906094,9.587257,7256.371105
315,619,464.880734,479.136546,17.177241,7273.548346
316,792,421.037924,465.885708,45.801492,7319.349838
317,527,422.826008,461.377934,4.849461,7324.199299
318,334,436.770826,447.377329,19.760438,7343.959737
319,126,416.05671,424.976476,30.510209,7374.469945
320,428,428.309794,377.598257,48.937038,7423.406983
321,923,434.887143,371.891353,8.708059,7432.115042
322,703,424.387162,355.609646,19.373785,7451.488827
323,95,420.76167,358.670557,4.744826,7456.233653
324,928,391.353375,372.250972,32.392522,7488.626175
325,446,381.675151,419.380764,48.113255,7536.73943
326,260,364.790846,420.8016,16.943982,7553.683412
327,714,356.235706,437.317603,18.600236,7572.283648
328,422,374.186656,450.209822,22.100813,7594.38446
329,445,401.310761,474.412531,36.352279,7630.736739
330,493,393.37713,493.017932,20.226305,7650.963044
331,140,356.466242,493.21881,36.911435,7687.874479
332,289,337.842641,480.888383,22.335576,7710.210055
333,701,323.508447,493.109113,18.836543,7729.046599
334,687,338.118168,519.5467,30.205794,7759.252393
335,81,341.144246,537.681998,18.386032,7777.638424
336,984,321.791915,538.617114,19.37491,7797.013335
337,574,309.476274,536.418339,12.510381,7809.523715
338,842,294.076442,527.53993,17.775853,7827.299569
339,471,286.936448,538.86701,13.389632,7840.689201
340,404,268.252032,561.662579,29.474487,7870.163688
341,429,258.374579,573.038305,15.065564,7885.229252
342,373,296.703459,588.081312,41.175176,7926.404427
343,955,277.471869,614.160744,32.403562,7958.807989
344,534,265.762931,624.045911,15.323699,7974.131688
345,284,231.729216,627.136154,34.173723,8008.305412
346,16,206.862471,608.902526,30.835373,8039.140785
347,914,215.147396,602.873834,10.246224,8049.387009
348,434,225.456772,597.806142,11.48759,8060.874599
349,942,226.373065,595.574314,2.412603,8063.287202
350,635,225.730038,584.76137,10.832047,8074.119249
351,683,214.973174,577.74673,12.841935,8086.961184
352,79,194.163295,564.62449,24.601712,8111.562896
353,883,190.310596,568.078915,5.174586,8116.737482
354,243,189.81954,569.344012,1.357058,8118.09454
355,296,178.827873,558.162547,15.679347,8133.773887
356,101,174.878678,559.030469,4.043442,8137.817329
357,443,159.192258,530.69,32.392065,8170.209394
358,262,184.028607,529.139853,24.884677,8195.094072
359,395,197.341771,529.433848,13.31641,8208.410482
360,738,189.360724,517.382702,14.454315,8222.864797
361,88,224.149807,501.257553,38.3445,8261.209297
362,559,274.483069,501.382702,50.333417,8311.542714
363,441,270.86498,491.530681,10.495375,8322.038089
364,49,262.54002,472.51074,20.762059,8342.800147
365,455,239.170463,464.30379,24.768735,8367.568882
366,759,225.656618,469.305026,14.409593,8381.978475
367,425,206.987051,453.116609,24.710677,8406.689152
368,350,196.885716,482.308498,30.890182,8437.579335
369,710,177.501686,493.829313,22.549275,8460.12861
370,174,151.697465,461.334591,41.494153,8501.622762
371,530,142.671607,451.109354,13.638973,8515.261736
372,858,144.785858,409.027701,42.134731,8557.396467
373,211,130.091177,410.747678,14.794998,8572.191464
374,932,117.003246,387.74643,26.464152,8598.655617
375,451,92.280365,366.436982,32.63914,8631.294756
376,598,80.922696,356.491751,15.096498,8646.391255
377,753,76.150511,343.702979,13.650144,8660.041399
378,44,62.608775,355.061447,17.674655,8677.716054
379,909,34.745237,338.016404,32.663592,8710.379646
380,180,9.541469,327.381936,27.355471,8737.735117
381,193,3.286539,350.542378,23.99021,8761.725327
382,665,5.300976,406.609476,56.103275,8817.828602
383,754,30.557872,415.445636,26.757963,8844.586565
384,967,29.165217,442.237579,26.828114,8871.414678
385,688,31.518781,480.885209,38.719227,8910.133905
386,977,60.792459,472.888424,30.346281,8940.480187
387,366,63.177253,465.789785,7.488519,8947.968706
388,28,73.290778,456.76707,13.553331,8961.522036
389,99,62.44219,414.727355,43.416926,9004.938963
390,879,56.378786,401.721374,14.349928,9019.28889
391,354,79.324772,393.653265,24.323089,9043.611979
392,365,82.896781,385.578674,8.829398,9052.441377
393,743,92.168615,420.820545,36.441136,9088.882514
394,45,88.788905,433.200314,12.832814,9101.715328
395,133,92.158728,442.712416,10.091372,9111.8067
396,475,106.356283,438.023834,14.951701,9126.7584
397,340,121.093087,444.392803,16.054195,9142.812595
398,314,126.670671,448.784986,7.099346,9149.911941
399,159,125.978799,460.10439,11.340529,9161.25247
400,562,122.82207,464.588818,5.484071,9166.736541
401,168,126.146971,475.164161,11.085705,9177.822245
402,957,110.297385,482.915749,17.643597,9195.465842
403,408,90.526621,512.936572,35.94625,9231.412092
404,750,82.740869,519.030014,9.886757,9241.29885
405,462,72.40269,537.861589,21.482695,9262.781544
406,382,94.503715,556.261692,28.75794,9291.539485
407,138,110.948049,570.00764,21.432853,9312.972338
408,941,120.891755,573.344893,10.488782,9323.461119
409,435,154.765948,599.0686,42.53434,9365.995459
410,631,139.232012,609.920267,18.948928,9384.944387
411,782,122.600855,620.398167,19.656596,9404.600983
412,89,126.106229,634.782754,14.805539,9419.406522
413,491,132.874862,639.756906,8.399797,9427.806319
414,64,136.015791,668.447137,28.861649,9456.667968
415,814,129.907959,671.835476,6.984729,9463.652697
416,693,115.858187,672.999953,14.097947,9477.750644
417,279,104.721121,657.307875,19.242545,9496.993189
418,175,90.287351,668.349609,18.172881,9515.16607
419,166,82.770473,668.745154,7.527278,9522.693349
420,47,73.483993,694.205915,27.101458,9549.794807
421,359,57.361738,696.162681,16.240567,9566.035374
422,468,34.911302,677.635785,29.107867,9595.143242
423,249,31.235287,675.207347,4.405724,9599.548966
424,383,50.724712,657.071302,26.622431,9626.171397
425,861,86.33088,623.306341,49.07007,9675.241466
426,853,103.145713,616.969257,17.969342,9693.210808
427,197,104.618212,596.32983,20.691887,9713.902696
428,584,85.139953,612.286225,25.179537,9739.082233
429,339,63.1075,605.690749,22.998463,9762.080696
430,242,62.730971,578.29044,27.402896,9789.483591
431,280,72.837384,573.817837,11.051867,9800.535458
432,321,46.908134,558.405952,30.163757,9830.699216
433,933,45.182989,534.004191,24.462666,9855.161882
434,161,17.422568,520.87226,30.709748,9885.87163
435,601,7.78755,503.758517,19.639597,9905.511227
436,46,8.561215,535.801019,32.05184,9937.563067
437,866,2.512138,621.117803,85.530959,10023.094026
438,963,13.703142,645.75357,27.058448,10050.152474
439,114,19.912224,660.20466,15.728531,10065.881005
440,655,14.222297,666.827398,8.731319,10074.612324
441,788,11.670283,684.188139,17.54731,10092.159634
442,899,23.809088,690.469012,13.667478,10105.827112
443,407,8.85122,711.762323,26.021969,10131.849081
444,421,9.192151,713.675613,1.943428,10133.792509
445,602,7.707073,716.185624,2.916438,10136.708947
446,731,17.721896,731.163238,18.017369,10154.726316
447,834,9.252671,745.252346,16.438696,10171.165012
448,230,23.827367,791.233708,48.235956,10219.400968
449,664,53.777059,851.900926,67.657191,10287.058159
450,93,52.435371,861.647073,9.838064,10296.896222
451,374,49.1859,867.283406,6.505945,10303.402167
452,772,104.109919,894.994633,61.518777,10364.920944
453,908,75.58416,899.680419,28.908052,10393.828996
454,183,64.60295,924.777621,27.394462,10421.223459
455,870,70.138273,933.930787,10.69674,10431.920198
456,136,67.774919,939.392257,5.95089,10437.871089
457,557,62.968827,938.497043,4.888755,10442.759844
458,146,41.8417,941.466773,21.334826,10464.094669
459,12,21.235975,911.150548,36.656096,10500.750766
460,516,18.429582,934.371521,23.389943,10524.140709
461,721,4.218437,951.822054,22.50506,10546.645769
462,461,19.872507,959.437639,17.408246,10564.054016
463,847,29.488353,983.357744,25.780534,10589.834549
464,116,42.76007,998.13423,19.861596,10609.696146
465,500,63.847458,970.543657,34.726324,10644.42247
466,207,100.813323,999.91334,47.212852,10691.635322
467,563,137.87595,990.320593,38.283928,10729.91925
468,369,128.355698,964.65566,27.373783,10757.293033
469,318,125.034453,954.483024,10.701083,10767.994116
470,973,142.912112,956.757368,18.021745,10786.015862
471,615,145.263614,962.625085,6.321365,10792.337227
472,553,152.658605,953.56789,11.692676,10804.029903
473,473,152.628869,949.794608,3.773399,10807.803302
474,524,164.778275,953.600179,12.731474,10820.534776
475,98,180.676053,977.230443,28.480321,10849.015098
476,298,182.647256,982.956659,6.056004,10855.071102
477,135,195.298825,940.890468,43.927515,10898.998617
478,599,235.392425,951.0328,41.356543,10940.35516
479,297,249.024745,952.813474,13.748126,10954.103286
480,588,246.974482,978.13186,25.401264,10979.504551
481,405,266.013609,965.364353,22.923734,11002.428284
482,974,270.684582,935.188366,30.535359,11032.963643
483,464,291.060743,932.479674,20.555412,11053.519055
484,976,321.001757,954.253123,37.020905,11090.53996
485,65,349.539686,871.077208,87.935466,11178.475426
486,417,350.785377,851.140738,19.975349,11198.450775
487,537,362.817593,878.5683,29.950715,11228.40149
488,72,369.000548,893.43356,16.099842,11244.501332
489,663,363.031657,901.2138,9.80611,11254.307442
490,102,368.517191,921.682844,21.191339,11275.498781
491,328,359.074716,938.231106,19.052698,11294.551479
492,176,358.932916,956.076926,17.846384,11312.397862
493,660,387.890258,964.399939,30.129723,11342.527585
494,776,378.920666,981.685001,19.47375,11362.001336
495,48,404.207267,985.348175,25.550559,11387.551895
496,998,429.23908,969.483537,29.635762,11417.187657
497,856,475.310752,983.86807,48.265037,11465.452694
498,639,499.941304,963.498784,31.962039,11497.414732
499,393,505.769813,989.353841,26.503877,11523.918609
500,214,534.9347,975.161172,32.434897,11556.353506
501,857,551.343268,964.524689,19.554433,11575.907939
502,658,568.431469,956.285704,18.970701,11594.87864
503,107,573.530322,963.124578,8.530446,11603.409086
504,122,580.104827,981.313557,19.340709,11622.749796
505,875,601.492149,973.755941,22.683366,11645.433162
506,916,612.63613,990.069657,19.756661,11665.189823
507,406,617.332311,981.840299,9.475044,11674.664866
508,474,633.870588,957.047905,29.802306,11704.467172
509,255,657.852548,974.260825,29.519807,11733.98698
510,624,693.15803,988.91591,38.226281,11772.213261
511,969,694.54251,978.664346,10.344629,11782.557889
512,66,740.164509,980.439147,45.656508,11828.214397
513,805,741.452133,961.936022,18.547873,11846.76227
514,288,763.42873,970.085861,23.439084,11870.201355
515,508,774.529728,978.810444,14.119154,11884.320508
516,514,777.329232,983.092522,5.115996,11889.436505
517,459,785.226445,976.799219,10.098101,11899.534605
518,309,778.311575,970.625495,9.269859,11908.804465
519,661,776.294963,942.471214,28.226411,11937.030875
520,499,748.669149,921.271034,34.822884,11971.853759
521,158,731.220854,912.627422,19.471903,11991.325662
522,566,740.482223,902.184414,13.958129,12005.283791
523,724,728.614329,901.36669,11.896032,12017.179823
524,147,730.769261,879.131197,22.339671,12039.519494
525,636,701.879154,880.119667,28.907013,12068.426506
526,556,696.099693,855.024057,25.752511,12094.179017
527,509,693.040991,839.678523,15.647398,12109.826416
528,150,670.949851,821.796792,28.421378,12138.247794
529,657,649.916608,853.58877,38.119905,12176.367699
530,21,666.657631,890.098571,40.165002,12216.5327
531,402,620.410393,919.602757,54.857124,12271.389824
532,390,601.014585,914.426078,20.074745,12291.464569
533,394,587.544841,943.703166,32.227037,12323.691605
534,825,562.87409,919.78584,34.361089,12358.052694
535,506,562.360733,909.208499,10.589791,12368.642485
536,682,558.304177,894.391073,15.362674,12384.005159
537,241,549.879672,897.513895,8.984671,12392.98983
538,363,520.272093,908.041408,31.423514,12424.413345
539,457,494.324446,909.511945,25.989283,12450.402628
540,352,463.241933,910.018699,31.086643,12481.489271
541,172,457.606304,936.960036,27.52446,12509.013732
542,353,436.357727,913.503575,31.649764,12540.663496
543,287,416.25846,902.63804,22.848203,12563.511699
544,905,460.729013,870.533758,54.848108,12618.359807
545,558,446.884006,865.316228,14.7955,12633.155307
546,316,428.567288,837.927066,32.949482,12666.104789
547,737,389.31126,840.495124,39.339937,12705.444726
548,337,392.578843,833.207256,7.986872,12713.431598
549,656,406.880177,819.787934,19.611384,12733.042982
550,137,406.412958,791.51779,28.274004,12761.316986
551,181,400.711576,786.892326,7.341707,12768.658693
552,640,408.622451,764.741934,23.520668,12792.179361
553,651,412.389534,754.409877,10.997377,12803.176739
554,994,383.495053,766.317379,31.251874,12834.428613
555,477,369.942699,757.866687,15.971239,12850.399852
556,921,375.395996,778.079371,20.935402,12871.335254
557,15,343.462158,801.496591,39.599699,12910.934953
558,938,337.150063,805.997182,7.752281,12918.687234
559,215,329.789343,799.24742,9.986967,12928.674201
560,349,312.155216,776.560874,28.733983,12957.408184
561,852,298.558618,773.505826,13.935595,12971.343779
562,844,274.766474,759.763328,27.47585,12998.81963
563,930,258.525918,788.101032,32.661616,13031.481245
564,583,274.165192,801.825391,20.807328,13052.288573
565,780,271.948267,826.880216,25.152714,13077.441287
566,940,266.652671,839.516229,13.700809,13091.142096
567,592,261.930919,844.382794,6.780737,13097.922833
568,470,299.31272,860.824588,40.83787,13138.760703
569,131,302.752804,865.673243,5.945051,13144.705754
570,576,281.095867,877.763015,24.802933,13169.508687
571,625,257.759982,891.873081,27.270084,13196.778771
572,538,239.060897,916.962097,31.290805,13228.069576
573,961,227.90761,898.729151,21.373725,13249.443302
574,396,232.393112,896.158976,5.169673,13254.612975
575,543,245.232667,851.023758,46.925921,13301.538896
576,888,220.437664,841.611935,26.52121,13328.060106
577,372,232.006852,816.485563,27.6619,13355.722006
578,449,232.187523,768.987458,47.498449,13403.220455
579,290,235.277989,728.795847,40.310254,13443.530709
580,885,202.336024,760.73401,45.882669,13489.413378
581,386,170.826714,764.833585,31.774882,13521.18826
582,266,144.025903,758.891617,27.451602,13548.639862
583,426,143.640919,778.036123,19.148376,13567.788238
584,779,140.33298,778.326864,3.320691,13571.10893
585,11,142.175064,790.071844,11.888559,13582.997488
586,331,190.021255,865.533419,89.351593,13672.349082
587,833,174.239106,868.11025,15.991131,13688.340213
588,228,168.148032,883.939657,16.960875,13705.301088
589,533,164.070026,870.784022,13.773194,13719.074282
590,117,141.551758,870.467256,22.520496,13741.594777
591,226,129.642344,847.174064,26.161172,13767.75595
592,778,85.744145,846.338319,43.906154,13811.662103
593,786,64.935035,808.679181,43.025919,13854.688022
594,546,38.7166,782.367213,37.144663,13891.832686
595,943,49.246442,759.770417,24.929756,13916.762442
596,476,56.173717,751.369767,10.888437,13927.650879
597,674,59.868741,729.138159,22.536584,13950.187463
598,195,79.884927,719.619328,22.164292,13972.351755
599,251,98.611586,713.925615,19.573097,13991.924852
600,949,139.274677,722.942093,41.650736,14033.575588
601,877,133.50087,698.833042,24.790789,14058.366377
602,711,144.444436,673.686077,27.425015,14085.791392
603,385,155.772889,671.902107,11.46806,14097.259453
604,240,153.957346,666.073196,6.105113,14103.364566
605,58,146.139234,655.931717,12.805174,14116.169739
606,250,156.185283,643.82371,15.732989,14131.902729
607,720,179.557845,645.211597,23.413733,14155.316462
608,666,173.693706,651.926219,8.914834,14164.231296
609,980,175.492485,664.245743,12.450151,14176.681447
610,424,179.438335,675.205188,11.648141,14188.329588
611,368,168.235826,699.604851,26.848459,14215.178047
612,595,217.884309,679.109642,53.712433,14268.89048
613,570,224.227323,647.992234,31.757312,14300.647792
614,654,260.586034,665.762529,40.468992,14341.116783
615,560,261.835854,665.726123,1.25035,14342.367133
616,593,293.954346,670.121473,32.417844,14374.784978
617,108,324.695134,646.835837,38.564451,14413.349429
618,304,318.580099,637.869197,10.853308,14424.202737
619,351,330.818955,626.442659,16.743816,14440.946552
620,51,348.367021,639.127937,21.652965,14462.599518
621,317,348.188974,649.027094,9.900758,14472.500275
622,646,345.830933,653.775991,5.302111,14477.802386
623,94,361.841075,668.947293,22.056587,14499.858974
624,222,358.768515,674.088129,5.989058,14505.848032
625,192,349.855299,690.231955,18.440947,14524.288979
626,437,320.321999,711.26879,36.259677,14560.548657
627,841,334.865223,715.630439,15.183192,14575.731849
628,511,357.772228,724.238862,24.471122,14600.202971
629,479,390.735641,725.704415,32.995976,14633.198947
630,431,395.499449,702.457327,23.73017,14656.929118
631,573,395.123714,699.361223,3.11882,14660.047937
632,626,383.703639,631.394963,68.919015,14728.966953
633,822,366.634714,612.252578,25.647204,14754.614156
634,276,374.894016,585.927621,27.590205,14782.204362
635,791,373.112353,578.169728,7.959851,14790.164212
636,357,382.76906,563.80095,17.312243,14807.476456
637,231,393.688673,568.422787,11.857459,14819.333914
638,815,394.035881,591.840872,23.420659,14842.754573
639,982,400.329026,609.967367,19.187847,14861.942421
640,681,415.423671,624.223591,20.762665,14882.705085
641,332,422.251141,645.306749,22.161089,14904.866174
642,484,442.806658,625.693681,28.411295,14933.277469
643,268,454.046308,655.246178,31.617713,14964.895183
644,698,472.487407,707.709227,55.609762,15020.504945
645,436,444.807334,713.258018,28.230755,15048.7357
646,716,431.640879,706.29407,14.894701,15063.630401
647,53,419.037819,717.717907,17.010031,15080.640432
648,945,421.765686,728.038772,10.675275,15091.315707
649,364,417.243271,736.495957,9.590423,15100.906129
650,414,441.052786,748.460179,26.646494,15127.552623
651,962,474.387606,763.90299,36.738136,15164.290759
652,890,478.161432,737.423497,26.747062,15191.037821
653,84,483.959038,730.560328,8.984171,15200.021991
654,129,524.772198,763.856685,52.672207,15252.694199
655,83,534.183414,786.080054,24.133983,15276.828182
656,17,527.074952,809.338525,24.320499,15301.148681
657,531,533.391522,820.973773,13.239262,15314.387943
658,800,528.236622,816.408849,6.885603,15321.273545
659,728,518.593096,813.027689,10.219092,15331.492637
660,100,500.474798,829.357735,24.391456,15355.884093
661,704,493.947115,854.038954,25.529849,15381.413943
662,69,521.590772,871.394668,32.640352,15414.054294
663,345,534.3931,865.667641,14.024922,15428.079217
664,801,555.88964,842.598905,31.532013,15459.61123
665,700,571.644814,872.631415,33.914262,15493.525492
666,702,613.703984,862.87005,43.177053,15536.702545
667,839,615.117765,859.345887,3.797171,15540.499716
668,190,626.088628,846.503142,16.890706,15557.390422
669,346,615.633908,838.375801,13.242161,15570.632583
670,467,622.202994,826.541798,13.53501,15584.167593
671,269,626.921019,827.677761,4.852852,15589.020445
672,62,629.617625,802.276646,25.543851,15614.564296
673,991,593.674512,798.030788,36.19302,15650.757317
674,274,586.501,786.096491,13.924321,15664.681638
675,234,597.446423,784.286318,11.094099,15675.775737
676,186,604.693591,767.420669,18.356784,15694.132521
677,642,597.544207,753.221087,15.897856,15710.030377
678,216,637.985996,762.059487,41.396324,15751.426701
679,748,640.564628,753.771676,8.679698,15760.106399
680,295,685.891952,744.352406,46.295668,15806.402067
681,282,712.815345,763.538219,33.060014,15839.462081
682,204,728.720695,764.372512,15.927216,15855.389297
683,939,751.484846,783.902624,29.993863,15885.38316
684,392,744.007004,790.610354,10.045485,15895.428645
685,97,753.713959,820.478126,31.405554,15926.834199
686,641,755.369318,821.180067,1.798036,15928.632235
687,981,736.39013,833.546056,22.652313,15951.284548
688,611,745.589954,830.333418,9.74463,15961.029178
689,821,754.887375,829.01087,9.391015,15970.420193
690,220,767.349939,837.313312,14.974848,15985.395041
691,985,792.515412,808.773129,38.050533,16023.445574
692,185,792.623714,784.988015,23.785361,16047.230934
693,849,813.793094,778.013778,22.288621,16069.519556
694,903,779.4118,752.708817,42.689746,16112.209302
695,600,814.332265,752.253325,34.923436,16147.132738
696,164,829.700484,753.009745,15.386823,16162.519561
697,14,837.837644,768.794747,17.758933,16180.278494
698,803,863.344851,751.462138,30.838887,16211.117381
699,854,866.597207,763.472688,12.443115,16223.560496
700,239,866.101465,800.635084,37.165703,16260.726199
701,252,837.450262,797.172239,28.859708,16289.585907
702,177,819.700533,816.907229,26.542846,16316.128753
703,315,815.69389,836.465385,19.964334,16336.093087
704,713,794.374627,854.217799,27.742732,16363.835819
705,988,792.918356,862.404778,8.315489,16372.151308
706,482,768.361874,859.417869,24.73747,16396.888778
707,937,773.845132,870.954415,12.773332,16409.662111
708,632,784.460589,895.352047,26.606998,16436.269109
709,221,817.616857,884.797163,34.795742,16471.064852
710,922,828.028149,879.654774,11.612027,16482.676878
711,987,829.903737,866.772856,13.017743,16495.694621
712,187,859.597757,853.135493,32.67587,16528.370491
713,356,871.544857,844.322214,14.846114,16543.216605
714,529,870.087077,875.676469,31.388125,16574.60473
715,817,842.802547,894.24558,33.003901,16607.608631
716,25,820.190184,913.645912,29.794157,16637.402789
717,906,818.105609,925.011831,11.5555,16648.958288
718,585,838.596095,932.684766,21.87999,16670.838278
719,620,820.557564,968.458718,40.064501,16710.902779
720,430,835.9069,972.263714,15.813921,16726.7167
721,202,890.316096,983.097922,55.477389,16782.194088
722,606,894.590685,978.45225,6.313033,16788.507121
723,433,921.087699,983.756836,27.022775,16815.529897
724,502,898.588056,955.921798,35.791386,16851.321282
725,824,880.825762,910.306657,48.951407,16900.272689
726,120,899.582527,887.52341,29.510889,16929.783578
727,675,943.18516,906.943121,47.731696,16977.515274
728,333,921.457331,929.092577,31.027358,17008.542632
729,336,936.181205,946.69186,22.946181,17031.488813
730,964,952.60895,971.502907,29.756661,17061.245474
731,677,965.494699,995.496161,27.234515,17088.479988
732,851,997.90845,980.369017,35.769843,17124.249832
733,35,991.7931,964.059172,17.418626,17141.668458
734,659,987.846589,958.139617,7.114498,17148.782956
735,264,991.327292,925.038673,33.283446,17182.066402
736,78,995.265014,890.808702,34.455719,17216.522121
737,610,985.991921,893.093913,9.550521,17226.072642
738,52,969.686077,883.880138,18.728966,17244.801608
739,582,957.061917,860.979079,26.150103,17270.951711
740,246,944.83476,862.410078,12.310611,17283.262322
741,544,914.278026,860.204269,30.636246,17313.898568
742,130,926.893901,839.638324,24.12713,17338.025698
743,975,916.64099,827.499136,15.889684,17353.915382
744,848,932.594796,821.146274,17.172151,17371.087533
745,82,929.374321,809.019431,12.547183,17383.634716
746,225,915.763848,807.672548,13.676955,17397.311671
747,90,898.268251,790.526029,24.496918,17421.808589
748,629,903.454366,786.040293,6.856939,17428.665528
749,59,915.823194,776.13297,15.84749,17444.513019
750,375,929.459668,767.890865,15.933792,17460.446811
751,992,971.303379,770.663802,41.93549,17502.382301
752,997,990.528485,791.563943,28.397545,17530.779846
753,722,988.822946,778.430545,13.243679,17544.023525
754,552,961.983654,727.685458,57.405674,17601.429199
755,447,973.671494,694.002887,35.652788,17637.081986
756,972,996.594331,680.255903,26.728935,17663.810922
757,715,964.339084,666.095649,35.226605,17699.037527
758,286,937.777069,631.629414,43.513929,17742.551456
759,388,957.082942,615.483981,25.167275,17767.718731
760,267,943.536473,600.621761,20.109511,17787.828242
761,775,930.398823,609.577355,15.899701,17803.727943
762,486,922.545332,583.51436,27.220525,17830.948469
763,671,997.717409,549.116843,82.668194,17913.616663
764,719,991.043867,523.022549,26.934148,17940.550812
765,958,975.866957,530.503568,16.920527,17957.471339
766,61,974.929566,517.103487,13.432828,17970.904167
767,281,975.301177,506.480274,10.62971,17981.533877
768,156,983.670837,496.933377,12.696238,17994.230115
769,38,991.957773,444.49992,53.084279,18047.314394
770,306,980.298902,443.41072,11.709639,18059.024033
771,643,955.118242,454.04196,27.332926,18086.356959
772,237,961.173409,426.97587,27.735144,18114.092103
773,799,981.471649,413.410227,24.414037,18138.50614
774,189,984.445136,367.744866,45.762068,18184.268208
775,308,971.819552,365.13755,12.891992,18197.160201
776,774,969.576321,330.776636,34.43406,18231.594261
777,450,999.648337,302.175782,41.501024,18273.095285
778,452,964.473869,277.768053,42.813321,18315.908606
779,695,977.065715,254.388438,26.554867,18342.463473
780,684,975.9068,245.899879,8.567306,18351.030779
781,872,972.838936,229.02997,17.146591,18368.17737
782,944,935.157994,229.930056,37.691691,18405.869061
783,667,932.825007,221.735293,8.520385,18414.389446
784,811,921.742236,232.310187,15.318492,18429.707938
785,718,910.009368,238.889076,13.451467,18443.159405
786,419,925.724467,254.495645,22.147896,18465.307301
787,790,920.496356,271.837076,18.112382,18483.419683
788,112,905.463196,275.021272,15.366685,18498.786368
789,929,877.187033,272.315428,28.405334,18527.191702
790,572,875.342733,248.075414,24.310074,18551.501776
791,607,883.784275,225.626543,23.983566,18575.485342
792,118,891.532629,220.857006,9.098652,18584.583994
793,694,904.48184,178.24152,44.53944,18629.123434
794,836,924.448803,164.813239,24.062385,18653.185819
795,113,954.85463,182.205834,35.028799,18688.214618
796,167,959.225747,179.796654,4.991073,18693.205691
797,717,957.056043,174.106162,6.0901,18699.29579
798,862,968.077237,162.596082,15.935767,18715.231557
799,878,941.663111,144.527584,32.00276,18747.234317
800,293,933.294379,140.303151,9.374514,18756.608831
801,163,936.617665,105.726946,34.735546,18791.344378
802,76,938.262489,80.361813,25.418407,18816.762785
803,105,944.221052,51.603918,29.368708,18846.131493
804,605,954.455948,55.89254,11.097088,18857.228581
805,409,977.120537,71.003871,27.240336,18884.468918
806,913,990.077345,93.162023,25.668319,18910.137237
807,403,995.13287,77.995746,15.986691,18926.123928
808,439,982.432333,54.15667,27.011204,18953.135133
809,781,996.876953,48.652285,15.457855,18968.592988
810,322,976.773705,10.052574,43.521009,19012.113997
811,144,927.13812,10.956134,49.643809,19061.757806
812,2,901.198878,38.153666,37.583907,19099.341712
813,902,919.16341,54.283542,24.143266,19123.484979
814,767,926.362182,62.011652,10.561534,19134.046512
815,773,910.160643,70.926654,18.492353,19152.538866
816,143,910.02413,73.439921,2.516972,19155.055838
817,209,892.763092,73.592129,17.261709,19172.317547
818,10,905.398652,92.764561,22.961697,19195.279244
819,580,886.053543,138.763144,49.900931,19245.180175
820,496,872.531463,126.96846,17.943278,19263.123452
821,911,856.767363,117.150211,18.571615,19281.695067
822,739,862.635134,82.134812,35.503646,19317.198714
823,56,878.908937,57.159213,29.809683,19347.008396
824,812,887.479436,40.800899,18.467482,19365.475878
825,169,851.357228,5.315298,50.636369,19416.112247
826,995,824.800215,33.344155,38.612068,19454.724315
827,229,828.067588,64.918532,31.742984,19486.467298
828,182,814.652198,57.955135,15.114946,19501.582245
829,783,808.24983,52.906251,8.153621,19509.735866
830,807,811.829608,43.836937,9.750244,19519.48611
831,68,791.109158,28.258034,25.92372,19545.40983
832,39,751.650158,44.129856,42.531487,19587.941317
833,515,715.36699,18.442083,44.455933,19632.39725
834,550,717.349393,10.489553,8.195893,19640.593143
835,946,695.747625,12.485039,21.69374,19662.286883
836,432,687.275646,5.659697,10.879326,19673.166209
837,313,665.573412,32.661268,34.642052,19707.80826
838,324,704.274971,64.114547,49.871027,19757.679288
839,124,687.989309,62.635644,16.352674,19774.031962
840,173,661.305632,59.62547,26.852928,19800.88489
841,808,643.127889,67.419304,19.778124,19820.663015
842,199,634.905552,70.608483,8.819166,19829.48218
843,760,659.631628,80.653059,26.68843,19856.170611
844,179,671.586008,89.403068,14.814516,19870.985126
845,873,665.424728,101.53545,13.607206,19884.592332
846,256,658.076254,103.932664,7.7296,19892.321932
847,968,657.811756,131.361966,27.430576,19919.752508
848,986,653.986288,139.14113,8.668887,19928.421395
849,367,632.673375,134.872027,21.736272,19950.157668
850,489,584.393094,158.205475,53.623086,20003.780753
851,612,574.367553,193.404837,36.599269,20040.380023
852,628,535.849878,173.329452,43.435382,20083.815404
853,213,553.716614,119.378013,56.832895,20140.6483
854,420,574.164268,92.267641,33.957015,20174.605314
855,8,597.599464,69.876961,32.412204,20207.017518
856,729,611.087873,64.851275,14.394259,20221.411777
857,686,617.819104,52.364439,14.185576,20235.597352
858,920,635.871052,41.786249,20.922975,20256.520328
859,736,629.302674,17.909243,24.763986,20281.284314
860,31,628.317523,12.829109,5.174773,20286.459088
861,376,611.112702,25.748791,21.515669,20307.974757
862,898,592.30479,37.032903,21.933279,20329.908036
863,512,583.076981,37.407884,9.235425,20339.14346
864,589,566.903545,53.99277,23.165459,20362.30892
865,950,544.595874,49.757687,22.706124,20385.015044
866,676,541.062811,43.398258,7.274949,20392.289993
867,793,518.136502,17.753346,34.398796,20426.688788
868,299,500.133341,5.240965,21.924267,20448.613055
869,999,489.296256,9.668993,11.706828,20460.319884
870,623,486.757711,24.771928,15.314792,20475.634676
871,341,500.087249,32.969757,15.648673,20491.283349
872,826,482.024046,34.883491,18.164297,20509.447646
873,454,481.34045,40.279597,5.439234,20514.88688
874,490,497.068111,64.926026,29.237061,20544.123941
875,882,471.190783,73.635758,27.303764,20571.427705
876,810,454.829739,94.949319,26.869158,20598.296863
877,355,465.987787,98.543785,11.722722,20610.019585
878,867,489.766021,110.803102,26.752482,20636.772067
879,679,518.427447,127.359452,33.099699,20669.871766
880,70,514.71914,137.371498,10.676732,20680.548498
881,931,509.646721,161.992909,25.138483,20705.686981
882,37,483.811483,177.589731,30.178144,20735.865125
883,766,477.548843,184.485841,9.315417,20745.180542
884,613,459.720759,168.341406,24.051681,20769.232223
885,907,440.769195,173.565873,19.658506,20788.890729
886,603,438.057888,171.038574,3.706538,20792.597266
887,278,421.374989,177.202284,17.785118,20810.382385
888,423,387.39922,178.385327,33.99636,20844.378744
889,845,381.283751,196.798204,19.401881,20863.780626
890,32,351.913683,229.129764,43.679866,20907.460492
891,869,324.420303,240.082311,29.594666,20937.055158
892,951,328.447017,245.269592,6.566758,20943.621915
893,73,340.080851,271.751388,28.924586,20972.546501
894,912,313.725934,293.50752,34.174711,21006.721212
895,672,301.240007,284.15368,15.601048,21022.32226
896,604,296.183529,299.413292,16.075563,21038.397823
897,876,283.876309,317.87847,22.190775,21060.588597
898,680,265.211619,335.871023,25.924942,21086.513539
899,855,279.679699,358.308107,26.697343,21113.210882
900,41,256.362347,352.04753,24.143192,21137.354074
901,418,230.784826,358.413092,26.357731,21163.711805
902,935,227.732319,340.101706,18.564069,21182.275874
903,494,210.949124,328.539193,20.380563,21202.656437
904,485,202.676815,330.573911,8.518872,21211.175309
905,233,187.995396,310.332472,25.005198,21236.180507
906,236,145.266513,284.885003,49.732596,21285.913103
907,103,122.326791,265.416067,30.087711,21316.000814
908,329,102.512331,257.159584,21.465841,21337.466654
909,535,94.973879,234.987073,23.418978,21360.885632
910,918,114.323242,237.752695,19.546011,21380.431643
911,809,125.202791,223.411066,18.001303,21398.432946
912,460,131.26336,193.023095,30.986437,21429.419384
913,597,131.431716,184.494833,8.529924,21437.949307
914,40,134.727601,193.17697,9.286677,21447.235984
915,863,134.446826,203.502499,10.329345,21457.565329
916,532,139.898451,222.963901,20.210552,21477.775881
917,391,143.709691,228.827084,6.993029,21484.76891
918,956,143.985734,254.278817,25.45323,21510.22214
919,371,160.309169,268.226755,21.470899,21531.693039
920,685,168.975576,270.343962,8.921277,21540.614316
921,227,174.651739,266.68189,6.754968,21547.369284
922,444,173.078199,276.508926,9.952218,21557.321502
923,770,184.164203,279.895027,11.591599,21568.913101
924,342,204.619347,287.003266,21.655022,21590.568123
925,830,240.538995,260.318835,44.746844,21635.314967
926,153,224.933978,222.049687,41.328492,21676.643458
927,347,207.989777,240.722878,25.214955,21701.858414
928,495,209.515614,228.280076,12.536007,21714.394421
929,647,197.654859,219.442856,14.79101,21729.185431
930,141,194.459915,211.630054,8.440826,21737.626257
931,77,197.094869,199.499345,12.413585,21750.039842
932,481,171.281886,195.911913,26.061077,21776.100919
933,149,185.927952,112.719493,84.471805,21860.572724
934,30,189.06187,88.157295,24.761321,21885.334045
935,917,199.089734,82.137259,11.696106,21897.030152
936,594,215.319257,71.283335,19.524474,21916.554626
937,919,227.079811,75.069168,12.354884,21928.90951
938,55,234.963437,78.376478,8.549261,21937.458771
939,218,234.977059,93.569017,15.192545,21952.651316
940,864,253.123674,83.107417,20.946234,21973.59755
941,571,314.601034,93.561183,62.359819,22035.957369
942,523,329.581332,137.898167,46.799332,22082.7567
943,448,325.051992,135.122628,5.312113,22088.068813
944,184,288.067976,125.114415,38.31425,22126.383063
945,709,274.041171,117.810854,15.814338,22142.197401
946,497,247.524958,136.799596,32.614136,22174.811537
947,669,265.863892,162.224235,31.348506,22206.160043
948,125,253.36195,168.020375,13.780196,22219.940239
949,520,255.510161,189.729301,21.814956,22241.755194
950,569,288.844527,198.450087,34.456234,22276.211429
951,162,288.756582,213.373448,14.92362,22291.135049
952,777,309.049643,212.574903,20.308767,22311.443815
953,900,308.914909,202.417184,10.158613,22321.602428
954,761,314.924704,202.513537,6.010567,22327.612995
955,519,335.811374,190.388977,24.150734,22351.763729
956,254,333.758769,182.440405,8.209323,22359.973052
957,275,338.624628,169.182629,14.122507,22374.095559
958,152,361.532813,152.874674,28.119999,22402.215558
959,831,367.240145,126.201034,27.277403,22429.492961
960,769,397.906307,136.033955,32.204035,22461.696996
961,472,391.089144,126.386696,11.812845,22473.509841
962,60,389.259267,126.469959,1.83177,22475.341612
963,106,388.418155,107.465904,19.022659,22494.364271
964,1,407.241764,107.700235,18.825067,22513.189338
965,43,420.357317,108.620834,13.147822,22526.33716
966,456,428.022044,102.936123,9.542745,22535.879906
967,7,436.275793,87.6135,17.404228,22553.284134
968,794,423.416237,49.771899,39.966923,22593.251057
969,832,409.619039,20.79162,32.097029,22625.348086
970,865,357.568732,17.466164,52.156429,22677.504515
971,235,338.218093,22.660849,20.035767,22697.540282
972,23,374.521632,31.841307,37.446332,22734.986614
973,63,386.246163,62.055765,32.409537,22767.396151
974,712,361.243246,68.371077,25.788157,22793.184308
975,884,347.260955,70.571099,14.154312,22807.33862
976,380,347.429665,83.569953,12.999949,22820.338569
977,897,333.52794,70.556089,19.042546,22839.381115
978,740,295.997222,54.561462,40.79685,22880.177965
979,978,253.218693,13.846291,59.056987,22939.234951
980,6,245.163353,1.670554,14.599215,22953.834167
981,521,246.301185,23.014665,21.374418,22975.208585
982,723,245.645757,36.1511,13.152776,22988.361361
983,142,241.311528,37.556658,4.556439,22992.9178
984,151,212.01111,25.966292,31.509539,23024.427338
985,726,184.110949,47.656582,35.339604,23059.766943
986,128,164.769539,46.621071,19.36911,23079.136053
987,203,163.355696,26.714826,19.956391,23099.092444
988,398,177.216706,16.310927,17.331149,23116.423593
989,910,170.620291,5.296858,12.838318,23129.261911
990,247,89.690852,42.731732,89.168064,23218.429975
991,823,59.431938,17.6983,39.271804,23257.701779
992,859,55.883541,39.363882,21.954237,23279.656017
993,335,40.375646,51.548467,19.722042,23299.378059
994,307,14.467814,38.005864,29.233847,23328.611906
995,539,14.110184,63.461979,25.458628,23354.070533
996,673,29.756566,64.082954,15.6587,23369.729233
997,517,57.021151,62.684716,27.300416,23397.029649
998,979,63.168664,86.391916,24.491289,23421.520938
999,618,59.210396,89.995095,5.352643,23426.873581
1000,0,52.363599,87.186678,7.400395,23434.273976
